Influencer insta name,instagram name,category_1,category_2,Followers,Audience country(mostly),"Authentic engagement
","Engagement avg
"
433,433,Sports with a ball,,48.5M,Spain,383.1K,637K
__youngbae__,TAEYANG,Music,,12.7M,Indonesia,478K,542.3K
_agentgirl_,ĞĞĞ¡Ğ¢Ğ¯ Ğ˜Ğ’Ğ›Ğ•Ğ•Ğ’Ğ,Shows,,18.8M,Russia,310.8K,377.9K
_imyour_joy,Joy,Lifestyle,,13.5M,Indonesia,1.1M,1.4M
_jeongjaehyun,Jaehyun,,,11.1M,Indonesia,2.5M,3.1M
_mariahwasa,HWASA,,,7.9M,Brazil,915.1K,1.2M
_rl9,Robert Lewandowski,Sports with a ball,,25M,Poland,588.6K,749K
_seorina,á„‰á…¥á†¯á„‹á…µá†«á„‹á…¡ sá´‡á´Ê€ÉªÉ´á´€,Lifestyle,Cinema & Actors/actresses,3M,South Korea,803.9K,997.8K
_shotaroo_,SHOTARO ã‚·ãƒ§ã‚¦ã‚¿ãƒ­ã‚¦,,,4.9M,Indonesia,860.1K,1.1M
03_hu,á„‡á…¡á†¨á„Œá…µá„’á…®,,,4.1M,South Korea,711K,872.6K
21savage,,Music,,13.2M,United States,263.5K,462K
333cyj333,Ars ğŸ—,Music,,6.5M,Thailand,359.3K,427.7K
3gerardpique,Gerard PiqueÌ,Sports with a ball,,19.8M,Spain,446.1K,658.8K
50cent,50 Cent,Music,,27.9M,United States,177.5K,283.2K
9gag,9GAG: Go Fun The World,Humor & Fun & Happiness,,58.3M,Indonesia,214.7K,276.9K
abdevilliers17,AB de Villiers,Sports with a ball,Lifestyle,17.2M,India,534K,615.9K
aboflah,AboFlah,Humor & Fun & Happiness,,7.2M,Iraq,793.4K,949.4K
achrafhakimi,Achraf Hakimi,Sports with a ball,,8.8M,Morocco,520K,764.5K
actorleeminho,á„‹á…µá„†á…µá†«á„’á…© leeminho,Cinema & Actors/actresses,,28.9M,Indonesia,2.8M,3.7M
actorprabhas,Prabhas,,,8.2M,India,482.2K,540.2K
actorsuriya,Suriya Sivakumar,,,4.1M,India,491.3K,637.7K
acunilicali,Acun IlÄ±calÄ±,Cinema & Actors/actresses,,13.6M,Turkey,233.8K,286.3K
adamsandler,Adam Sandler,Cinema & Actors/actresses,,12.7M,United States,395.9K,503.9K
addisonraee,,Beauty,,40.5M,United States,1.1M,1.6M
adele,Adele,Music,,49.7M,United States,2.6M,3.6M
adidasoriginals,adidas Originals,Clothing & Outfits,Shopping & Retail,34.2M,United States,52.4K,71.8K
adinross,,,,2.6M,United States,551.1K,1.1M
aespa_official,aespa á„‹á…¦á„‰á…³á„‘á…¡,,,8.3M,Indonesia,1.1M,1.6M
agustd,SUGA of BTS ë¯¼ìœ¤ê¸°,,,31.5M,N/A,10.9M,10.9M
aishwaryaraibachchan_arb,AishwaryaRaiBachchan,Cinema & Actors/actresses,,10M,India,247.6K,316.5K
aislinnderbez,ğ”¸ ğ•€ ğ•Š ğ•ƒ ğ•€ â„• â„•  ğ•• ğ•– ğ•£ ğ•“ ğ•– ğ•«,Cinema & Actors/actresses,,12M,Mexico,235.7K,295.4K
akshaykumar,Akshay Kumar,Cinema & Actors/actresses,,61.1M,India,815.3K,971K
alejandrospeitzer,Alejandro Speitzer,Lifestyle,,5.1M,Mexico,313.3K,488.6K
aleoliveiracm,AleÌ‚ Oliveira,Humor & Fun & Happiness,,8.3M,Brazil,235.8K,598.4K
alexademie,,,,10.8M,United States,1.2M,2.1M
alexandradaddario,alexandra daddario,Cinema & Actors/actresses,,22.4M,India,487.9K,596.6K
alexis_officia1,Sanchez Alexis,Sports with a ball,,13.4M,Chile,185.2K,304.8K
alexisren,Alexis Ren,Lifestyle,,15.8M,United States,102K,158.1K
alfinetei,Alfinetadas Dos Famosos ğŸ“Œ,Humor & Fun & Happiness,,21.1M,Brazil,99.5K,223.6K
aliaabhatt,Alia Bhatt ğŸ¤â˜€ï¸,Cinema & Actors/actresses,,61.8M,India,1.2M,1.5M
alidaei,Ali Daei,Sports with a ball,,8M,Iran,555.8K,937K
aliiiiiiiikarimi8,Ali Karimi,Sports with a ball,,9.1M,Iran,328.7K,495.1K
alishalehmann7,Alisha Lehmann,Sports with a ball,,6.8M,Brazil,373.8K,705.3K
alluarjunonline,Allu Arjun,Cinema & Actors/actresses,,17.6M,India,1.6M,2M
alok,Alok,Music,Art/Artists,27M,Brazil,249.6K,319.9K
alvaromorata,AÌlvaro Morata,Sports with a ball,Literature & Journalism,16.2M,Italy,113.1K,175.2K
alvaromorte,Ãlvaro Morte,Cinema & Actors/actresses,,12.4M,India,244.5K,334.7K
alvxaro,ALVARO,Lifestyle,,9.2M,Brazil,169.6K,424.7K
alwaysramcharan,Ram Charan,Lifestyle,Cinema & Actors/actresses,5.6M,India,596.8K,668.3K
amadorat,N I C O L E   A M A D O ğŸ‰,Fashion,Lifestyle,8.1M,Mexico,505K,564.4K
amandacerny,Amanda ğ•®ğ–Šğ–—ğ–“ğ–,Humor & Fun & Happiness,,24.1M,India,112.9K,180.6K
amandamanopo,,Modeling,Beauty,15.2M,Indonesia,189.6K,250.5K
amarantavp,A M A ğŸ¤,,,4.9M,Mexico,483.8K,605.6K
amauryguichon,Amaury Guichon,Food & Cooking,,6.7M,United States,357.3K,435.7K
amitabhbachchan,Amitabh Bachchan,Cinema & Actors/actresses,,30M,India,88.5K,103.6K
amybethmcnulty,AB Mcn,Lifestyle,Cinema & Actors/actresses,6.3M,Brazil,561.4K,771.3K
ana_d_armas,A N A   D E   A R M A S,Cinema & Actors/actresses,Lifestyle,6.1M,United States,543.4K,735.3K
ananyapanday,Ananya ğŸ’›ğŸ’«,Cinema & Actors/actresses,,21.9M,India,318.2K,371.8K
anasmarwah,Anas Marwah,Family,Shows,5.5M,Iraq,431.8K,557.5K
andreavaldirisos,ANDREA VALDIRI ğŸ‡¨ğŸ‡´,Lifestyle,Beauty,7.7M,Colombia,411.3K,584.3K
andresiniesta8,Andres Iniesta,Sports with a ball,,39M,Spain,91.5K,132.3K
angela_aguilar_,AÌngela Aguilar ğŸ‡²ğŸ‡½,Lifestyle,,8.2M,Mexico,285.5K,346K
angeldimariajm,AÌngel Di MariÌa,Sports with a ball,,16.3M,Argentina,294.6K,434.1K
angelinajolie,Angelina Jolie,,,12.6M,Brazil,274.6K,456.2K
angelinajolie,Angelina Jolie,Lifestyle,,12.6M,Brazil,274.6K,456.1K
angeliqueboyer,Angelique Boyer,Shows,Cinema & Actors/actresses,13.9M,Brazil,247.4K,310.6K
angelrai07,Angel Rai :),Humor & Fun & Happiness,,14.9M,India,462.2K,557.4K
anguscloud,Angus Cloud,,,8.3M,United States,1.3M,2.1M
anitta,Anitta ğŸ¤,Music,,61.1M,Brazil,542.8K,1M
anjimaxuofficially,Anjali Arora,Lifestyle,,11.1M,India,173.3K,221.2K
annakendrick47,Anna Kendrick,Cinema & Actors/actresses,,20.3M,United States,210K,274.2K
annecurtissmith,Anne Curtis,Music,Cinema & Actors/actresses,17.8M,Philippines,134.7K,152.3K
annehathaway,Anne Hathaway,Cinema & Actors/actresses,,22.6M,United States,704.3K,928.4K
annemarie,ANNE-MARIE,Shows,Music,9.2M,India,242.5K,339.6K
ansufati,Ansu Fati,Sports with a ball,,8M,Spain,475.2K,721K
anthonyjoshua,Throwback Fighter ğŸ§ ,Fitness & Gym,,13.6M,United Kingdom,142K,192.8K
antogriezmann,Antoine Griezmann,Sports with a ball,,35.5M,Spain,205.3K,329.6K
antonelaroccuzzo,Antonela Roccuzzo,Modeling,Family,19M,Argentina,970.7K,1.6M
anuel,â€œREAL HASTA LA MUERTEâ€,Music,,27.9M,Spain,586K,892.1K
anupamaparameswaran96,Anupama Parameswaran,Cinema & Actors/actresses,,11.4M,India,510.4K,583.3K
anushkasen0408,Anushka Sen,Cinema & Actors/actresses,,34.5M,India,379.1K,443.8K
anushkasharma,AnushkaSharma1588,Cinema & Actors/actresses,,57.5M,India,1.1M,1.3M
anyageraldine,anya geraldine,Music,,10.7M,Indonesia,182.3K,305.2K
anyataylorjoy,Anya Taylor-Joy,,,8.8M,United States,679.6K,979.9K
aoc,Alexandria Ocasio-Cortez,,,8.5M,United States,290.1K,363K
apple,apple,Computers & Gadgets,Photography,27.4M,India,83.4K,111.2K
araikgalstyanmoscowschool,ï¼¡ï¼²ï¼¡ï¼©ï¼«  ï¼§ï¼¡ï¼¬ï¼³ï¼´ï¼¹ï¼¡ï¼®Â®ï¸,Beauty,,13M,Turkey,323K,416.7K
arianagrande,Ariana Grande,Music,,302.3M,United States,2.9M,4.1M
arigameplays,ARIGAMEPLAYS,,,9.7M,Mexico,900.6K,1.1M
arishfakhan138,Sayyed Arishfa Khan ğŸ’,Cinema & Actors/actresses,,28M,India,183.1K,221.4K
arminzareeiofficial,Armin Zareei,,,9.5M,Iran,178.5K,286.1K
aron.piper,ARONğŸŒœğŸŒ,Music,Lifestyle,13.9M,Brazil,273.1K,515.6K
arsenal,Arsenal Official,Sports with a ball,,21.5M,United Kingdom,79.9K,120K
arthuraguiar,Arthur Aguiar,Music,Cinema & Actors/actresses,12.7M,Brazil,104.1K,236.8K
asalamaleh,Asala Maleh,Shows,,6.6M,Iraq,415.9K,514.5K
asaprocky,GRIM,Music,,14.6M,United States,383.6K,641.7K
ashishchanchlani,Ashish Chanchlani,Cinema & Actors/actresses,,13.3M,India,832.6K,1M
ashleybenson,Ashley Benson,Modeling,,22.4M,Brazil,101K,144.3K
ashleygraham,A S H L E Y  G R A H A M,Modeling,,17.2M,United States,392.7K,519.5K
aslisona,Sonakshi Sinha,Cinema & Actors/actresses,Lifestyle,21.4M,India,110.2K,134.1K
ateez_official_,ATEEZ(ì—ì´í‹°ì¦ˆ),Music,,6.3M,United States,410.9K,472.1K
attahalilintar,Atta Halilintar - PAPATA,Art/Artists,Shows,23.1M,Indonesia,140.2K,192.3K
auba,Pierre-Emerick Aubameyang,Sports with a ball,,12M,United Kingdom,379.3K,602.1K
aum_patchrapa,Patchrapa Chai,Cinema & Actors/actresses,Lifestyle,14.1M,Thailand,150.3K,179.2K
aurelie.hermansyah,Aurelie Hermansyah Atta,Beauty,,25.3M,Indonesia,475.2K,601.1K
avani,avani,Beauty,Lifestyle,18.8M,United States,337K,451.9K
avneetkaur_13,Avneet Kaur Official,Cinema & Actors/actresses,,30.5M,India,281.3K,341.1K
avrillavigne,Avril Lavigne,Music,Cinema & Actors/actresses,10.7M,Brazil,211.2K,263K
awez_darbar,Awez Darbar,Shows,Humor & Fun & Happiness,17.8M,India,466K,558.4K
aykutelmas,Aykut Elmas,Cinema & Actors/actresses,Photography,6.8M,Turkey,321K,376.5K
badbunnypr,,Music,,38.5M,United States,2.5M,3.9M
badgalriri,badgalriri,Music,Beauty,125.1M,United States,2.8M,4.6M
baifernbah,baifernbah,Lifestyle,,10.4M,Indonesia,224.5K,284.6K
bambam1a,BamBam,Music,,16M,Brazil,684.3K,863K
barackobama,Barack Obama,Finance & Economics,Business & Careers,35.4M,United States,148.3K,174.6K
barbieferreira,barbie ferreira,,,6.1M,United States,635.5K,1.2M
bbrightvc,bright,Cinema & Actors/actresses,,13.5M,Indonesia,1.7M,2M
bclsinclair,Bunga Citra Lestari,Music,,20.2M,Indonesia,153.5K,242.6K
beberexha,Bebe Rexha,Music,Lifestyle,10.8M,India,221.5K,327K
bebytsabina,Cut Beby Tshabina,Modeling,,7.1M,Indonesia,243.4K,373.9K
beingsalmankhan,Salman Khan,Cinema & Actors/actresses,Art/Artists,50.7M,India,474.6K,604.4K
belindapop,Beli,Music,,14.9M,Mexico,136.7K,197K
bellahadid,Bella ğŸ¦‹,Modeling,,50.6M,United States,566.9K,905.3K
bellapoarch,Bella Poarch,,,14.3M,United States,859.5K,1.2M
bellathorne,BELLA,Music,Art/Artists,25.2M,United States,289.5K,485.7K
bernardokath,Kathryn Bernardo ğŸ˜,Beauty,Cinema & Actors/actresses,16.8M,Philippines,452.7K,545.4K
beyonce,BeyonceÌ,Music,Fashion,246.9M,United States,2.6M,3.7M
bhadbhabie,â„¬ğ’½ğ’¶ğ’·ğ’¾â„¯ğŸ¦‹,Music,,16.4M,United States,143.1K,268K
bhuvan.bam22,Bhuvan Bam,Cinema & Actors/actresses,,14.2M,India,741K,915.8K
bianca,BOCA ROSA,Beauty,,17.7M,Brazil,73.6K,172.2K
bibisbeautypalace,! Bibi,Family,Lifestyle,7.8M,Germany,322.7K,369.6K
bighit_ent,BigHit Music Updates,Music,,13M,Indonesia,721.3K,888.5K
bigsean,BIGSEAN,Music,Art/Artists,14.6M,United States,169.9K,310.3K
billieeilish,BILLIE EILISH,Music,,101.7M,United States,2.6M,3.4M
bizarrap,BZRP,Music,,11.5M,Argentina,920.8K,1.1M
blackpinkofficial,BLÎ›Æ†KPIĞ˜K,Music,,46.2M,Indonesia,1.1M,1.4M
blakelively,Blake Lively,Cinema & Actors/actresses,,32M,United States,827.1K,1.3M
bleacherreport,Bleacher Report,Sports with a ball,,18.4M,United States,103.8K,204.7K
blythe,Andrea Brillantes,Cinema & Actors/actresses,Modeling,13.4M,Philippines,196.9K,224.1K
bmw,BMW,Cars & Motorbikes,,33.1M,India,73.1K,97.6K
bn_sj2013,á„‡á…¡á†¨á„‰á…¥á„Œá…®á†«,Cinema & Actors/actresses,Modeling,21.4M,Indonesia,2.5M,2.9M
bobbyindaeyo,ğŸ’€,Music,,3.4M,Indonesia,679.1K,791.2K
borodylia,ĞšÑĞµĞ½Ğ¸Ñ Ğ‘Ğ¾Ñ€Ğ¾Ğ´Ğ¸Ğ½Ğ°,Shows,Family,18.2M,Russia,123K,153.2K
bramastavrl,Verrell Bramasta,Cinema & Actors/actresses,Lifestyle,23.7M,Indonesia,109.1K,138.9K
brentrivera,Brent Rivera,Music,Cinema & Actors/actresses,22.1M,United States,888.3K,1.2M
bretmanrock,Bretman (Da Baddest) Rock,Art/Artists,Beauty,18.3M,United States,551K,927.9K
brfootball,Bleacher Report Football,Sports with a ball,,11.9M,United States,146K,236K
briandadeyanara,BRIANDA ğŸ’–,,,12.6M,Mexico,355.2K,417.3K
brianmaps,Ğ‘Ñ€Ğ°Ğ¸Ì†Ğ½ ĞœĞ°Ğ¿Ñ (ĞœĞ°ĞºÑ Ğ¢Ğ°Ñ€Ğ°ÑĞµĞ½ĞºĞ¾),Photography,,5.8M,Russia,608.4K,627.9K
britneyspears,Britney Spears,Music,,40.2M,United States,180.5K,251.6K
brunamarquezine,Bruna Marquezine,Cinema & Actors/actresses,,42.6M,Brazil,485.2K,837.2K
brunomars,Bruno Mars,Music,,24.9M,Brazil,328.7K,499K
brycehall,Bryce Hall,Music,,7.5M,United States,279.2K,358.7K
bts.bighitofficial,BTS official,Music,,61.7M,Indonesia,2.4M,2.6M
bugatti,BUGATTI,Cars & Motorbikes,Luxury,16.1M,United States,124.1K,168.5K
bumkeyk,SHINee KEY,Music,,9M,Indonesia,376.3K,451.6K
burakozcivit,Burak OÌˆzcÌ§ivit,Cinema & Actors/actresses,,20.5M,Turkey,492.8K,597.5K
burcuozberk,Burcu OÌˆzberk,Cinema & Actors/actresses,,9M,Turkey,560.9K,725.6K
bypamella,BY PAMELLA âœ¨ğŸ§¿,Shows,,9.4M,Brazil,237.7K,406.8K
c.syresmith,Jaden Smith,Cinema & Actors/actresses,Lifestyle,18.6M,United States,190.1K,294.6K
camerondallas,Cameron Dallas,Cinema & Actors/actresses,,23M,United States,104.8K,182.6K
camila_cabello,camila,Music,,60.9M,Brazil,305.4K,418.1K
camilaloures,Camila Loures,Shows,,17.6M,Brazil,131.5K,196.3K
camilladelucas,Camilla de Lucas,Beauty,,10.8M,Brazil,205.2K,376.8K
camilo,C A M I L O,Music,,26.4M,Argentina,252.3K,398.9K
camimendes,camila mendes,Cinema & Actors/actresses,,26.8M,Brazil,1.1M,1.6M
canelo,Saul Alvarez,Fitness & Gym,,12.8M,Mexico,203K,282.2K
canyaman,Can Yaman,Cinema & Actors/actresses,Modeling,9.3M,Italy,324.4K,402.8K
caradelevingne,Cara Delevingne,Modeling,Cinema & Actors/actresses,43.3M,United States,130.1K,182.8K
carlinhosmaiaof,Carlinhos MaiağŸŒ»,Lifestyle,,24.8M,Brazil,441.9K,810.7K
carryminati,ğ‘¨ğ’‹ğ’†ğ’š ğ‘µğ’‚ğ’ˆğ’‚ğ’“,Computers & Gadgets,Machinery & Technologies,15M,India,885.8K,1M
casemiro,Casemiro,Sports with a ball,,14M,Spain,149.8K,224.1K
caviarmagnat,by Tregubov,,,13.3M,Russia,148.6K,214.4K
cazzu,â™¡ ğ–“ğ–Šğ–“ğ–† á´›Ê€á´€á´á´˜á´€,Music,,9.8M,Argentina,396.2K,508K
cbum,Chris Bumstead,Fitness & Gym,,6.6M,United States,248.7K,410.6K
celestebarber,Celeste Barber,Humor & Fun & Happiness,,8.9M,United States,364.8K,393.2K
chaelincl,CL,Art/Artists,Fashion,9.8M,Brazil,259K,342.5K
championsleague,UEFA Champions League,Sports with a ball,,91.4M,Brazil,255.3K,344.4K
channingtatum,Channing Tatum,Cinema & Actors/actresses,,17M,United States,272.1K,393.2K
charles_leclerc,Charles Leclerc,Racing Sports,,6.6M,Italy,473.9K,629.2K
charlidamelio,cd,Lifestyle,Shows,47.7M,United States,1.5M,1.9M
charlieputh,Charlie Puth,Music,,15.7M,United States,320.5K,456.2K
chelseafc,Chelsea FC,Sports with a ball,,33.2M,Indonesia,115.7K,172.4K
chiaraferragni,Chiara Ferragni âœ¨,Beauty,,26.7M,Italy,372K,616.6K
chloegmoretz,ChloÃ« Grace Moretz,Cinema & Actors/actresses,,20.1M,United States,292.9K,392.5K
choi_seung_hyun_tttop,T.O.P,,,13.6M,Indonesia,337.7K,400.7K
choquei,CHOQUEI - BBB22,Literature & Journalism,,17M,Brazil,90.1K,279.5K
chrisbrownofficial,BREEZY,Music,,106M,United States,157.1K,241.9K
chrisevans,Chris Evans,,,14.8M,United States,2M,2.4M
chrishemsworth,Chris Hemsworth,Cinema & Actors/actresses,,54M,India,776.6K,998.1K
chrissyteigen,chrissy teigen,Shows,Modeling,37.4M,United States,158K,205.5K
ciara,Ciara,Music,Modeling,31.3M,United States,199.4K,270.6K
claaragalle,Clara GalleğŸŒ€,,,3.2M,Mexico,425.2K,771.6K
claireholt,Claire Holt,Cinema & Actors/actresses,Lifestyle,7.4M,United States,304.1K,415.4K
claragnds,Maria Clara Garcia,,,6.4M,Brazil,153.4K,386.6K
clean_0828,á„€á…µá†·á„‰á…¦á„Œá…¥á†¼,Lifestyle,,5.5M,Indonesia,1.3M,1.6M
cocielo,JuÌlio Cocielo Estaniecki,Cinema & Actors/actresses,,17.8M,Brazil,360.6K,564.8K
coldplay,Coldplay,Music,,15.4M,Brazil,274K,381.3K
cole.labrant,Cole LaBrant,Lifestyle,Fashion,5M,United States,412.6K,580.8K
colesprouse,Cole Sprouse,Modeling,,36M,United States,352.7K,459.3K
colleen,Colleen Ballinger,Family,Fashion,7.5M,United States,368.3K,463.6K
conangray,Conan Gray,Music,,5.7M,Brazil,785.4K,1.2M
courteneycoxofficial,Courteney Cox,Cinema & Actors/actresses,,12.1M,India,319.9K,421.9K
cristiano,Cristiano Ronaldo,Sports with a ball,,419.6M,India,5.7M,7M
cvillaloboss,CARMEN VILLALOBOS,Shows,Cinema & Actors/actresses,19.2M,Colombia,247.3K,305.1K
cznburak,Burak OÌˆzdemir,Food & Cooking,,32.9M,Turkey,615.2K,836K
d_a___m_i,KIM DA MI,,,4.3M,Indonesia,1.1M,1.4M
d_degeaofficial,David De Gea,Sports with a ball,,12.9M,United Kingdom,306.8K,434.4K
daddyyankee,Daddy Yankee,Music,,44.9M,Argentina,1.3M,1.8M
dagelan,Dagelan,Humor & Fun & Happiness,,20.6M,Indonesia,83.4K,140.5K
danbilzerian,Dan Bilzerian,Cinema & Actors/actresses,,32.8M,India,1.3M,2.1M
danialves,Daniel Alves,Sports with a ball,,35.7M,Brazil,170.6K,264.9K
daniel.k.here,Daniel Kang,Lifestyle,,4.8M,Indonesia,458.9K,577.4K
danielricciardo,Daniel Ricciardo,Racing Sports,,6.6M,United States,361.1K,469.2K
dannapaola,Danna Paola,Music,,33.5M,Mexico,931.6K,1.3M
daquan,Daquan,Humor & Fun & Happiness,,16.8M,United States,364.2K,561.9K
darshanravaldz,Darshan Raval #Goriye,Music,,14.8M,India,205.9K,249.1K
dava_m,Ğ”Ğ°Ğ²Ğ° â“‚ï¸ Ğ’ÑĞµÌˆ Ğ±ÑƒĞ´ĞµÑ‚ Ñ…Ğ¾Ñ€Ğ¾ÑˆĞ¾ğŸ§¸,Business & Careers,,13.7M,Russia,166K,215.9K
davidalaba,David Alaba,Sports with a ball,,8.5M,Spain,301.4K,426.7K
davidbeckham,David Beckham,Family,Sports with a ball,71.9M,India,500.4K,641.1K
davidluiz23,David Luiz,Sports with a ball,,21.2M,Brazil,69.8K,152.4K
davido,Davido,Music,,23.3M,Nigeria,184.9K,259.3K
davidwarner31,David Warner,Sports with a ball,,9.1M,India,238.2K,279.7K
davikah,davikah,Modeling,,15.9M,Thailand,355.3K,460.8K
dbook,Devin,,,5.1M,United States,248.8K,489K
ddlovato,Demi Lovato,Music,,128.7M,United States,319.8K,418.4K
dean.schneider,Dean Schneider,Animals,,10.1M,India,271.5K,348.2K
dearra,De'arra Taylor,Lifestyle,,6M,United States,236.9K,589.9K
debbyryan,Debby Ryan,Music,Cinema & Actors/actresses,16.7M,United States,169.4K,246.4K
deepikapadukone,Deepika Padukone,Cinema & Actors/actresses,,65.5M,India,347.2K,450.3K
deiveleonardo,Deive Leonardo,Literature & Journalism,Trainers & Coaches,10.8M,Brazil,234.3K,431.4K
demetozdemir,Demet OÌˆzdemir,Cinema & Actors/actresses,,15M,Turkey,335.6K,449K
demirose,Demi ğŸŒ¹,Modeling,Lifestyle,19.2M,United States,395.9K,515K
dew_jsu,2000,,,4.5M,Indonesia,798.4K,1.1M
dhanushkraja,Dhanush,Cinema & Actors/actresses,,4.2M,India,685.1K,886.3K
diddy,LOVE,Music,Cinema & Actors/actresses,18.4M,United States,109.4K,164.5K
diljitdosanjh,DILJIT DOSANJH,Cinema & Actors/actresses,,12.9M,India,203.3K,244.7K
dindahw,Dinda Hauw,Cinema & Actors/actresses,,13.9M,Indonesia,288.8K,431.5K
dishapatani,disha patani (paatni) ğŸ¦‹,Cinema & Actors/actresses,Lifestyle,49.6M,India,909.3K,1.1M
divyankatripathidahiya,Divyanka Tripathi Dahiya,Shows,Cinema & Actors/actresses,18.9M,India,146.5K,168.2K
dixiedamelio,dixie,Music,Clothing & Outfits,25.1M,United States,293K,430.3K
djokernole,Novak Djokovic,Sports with a ball,,10.4M,Serbia,195.7K,240.9K
djsnake,djsnake,Music,,9.1M,India,362.2K,429.6K
djxiao_888,XIAOJUN,,,6.6M,Indonesia,1.1M,1.3M
dkharbour,David Harbour,Cinema & Actors/actresses,,6.2M,United States,352.2K,461.5K
dlwlrma,á„‹á…µá„Œá…µá„€á…³á†· IU,Art/Artists,,25.8M,South Korea,2.9M,3.5M
dntlrdl,CHOIWOOSHIK,Lifestyle,,5.9M,Indonesia,1.5M,2M
do0_nct,Doyoung,,,9.8M,Indonesia,1.4M,1.9M
dojacat,Doja Cat,Music,,22.4M,United States,2.8M,3.9M
domelipa,domelipa,Lifestyle,,17.2M,Mexico,1.1M,1.3M
dominicfike,,,,3.7M,United States,419.9K,799K
donya,Donya,Fashion,,14.7M,Iran,379.8K,596.7K
dovecameron,DOVE,Cinema & Actors/actresses,,46.4M,United States,618.5K,807.2K
dqsalmaan,Dulquer Salmaan,Cinema & Actors/actresses,,10.2M,India,176.8K,239.6K
dra.deolanebezerra,Deolane Bezerra,,,13.2M,Brazil,352K,754.1K
drewstarkey,Drew Starkey,,,3.2M,United States,630.2K,1.2M
dualipa,DUA LIPA,Music,,81.6M,Mexico,2.2M,2.7M
dudewithsign,Seth,,,8.1M,United States,400K,628.5K
dukeandduchessofcambridge,Duke and Duchess of Cambridge,Family,Finance & Economics,13.5M,N/A,0,214.2K
dukissj,Ya Supiste,Music,,9M,Argentina,607.2K,1.1M
dylanminnette,Dylan Minnette,Music,Cinema & Actors/actresses,7.3M,United States,215.7K,350.4K
dylansprouse,Dylan Sprouse,Cinema & Actors/actresses,,9.3M,United States,350.3K,549.8K
e_milygarcia,Emily Garcia,Cinema & Actors/actresses,,11M,Brazil,230.1K,380.5K
earthpix,ğŸŒ  EarthPix  ğŸŒ,Nature & landscapes,Photography,22.7M,United States,118.7K,145.9K
easportsfifa,EA SPORTS FIFA,Sports with a ball,,25.8M,Spain,70.9K,118.3K
ebi,EBI,Music,,10.3M,Iran,193.6K,260.5K
ederbez,Eugenio Derbez,Cinema & Actors/actresses,Lifestyle,18.1M,Mexico,248.3K,278.9K
egorkreed,Ğ•Ğ³Ğ¾Ñ€ ĞšÑ€Ğ¸Ğ´ | #HeartBreakKid,Music,,14.7M,Russia,322.6K,396.9K
eilirjani,Elton ILIRJANI,Lifestyle,,9.5M,Albania,423.9K,611.6K
elcinsangu,ElcÌ§in Sangu,Cinema & Actors/actresses,Lifestyle,8.3M,Turkey,284.6K,342.8K
eliana,Eliana Michaelichen,Music,Shows,29.6M,Brazil,119.3K,151.5K
ellenpompeo,Ellen Pompeo,Cinema & Actors/actresses,Lifestyle,10M,Brazil,285.8K,495.8K
elnazshakerdoost,Elnaz ShakerdoostğŸ¬,Cinema & Actors/actresses,,9.5M,Iran,219K,295.7K
elrodrigocontreras,RODğŸ¥´,Lifestyle,,12.7M,Mexico,563.1K,620.8K
elrubiuswtf,el rubius WTF,Computers & Gadgets,,16.2M,Mexico,1.4M,1.5M
emilia_clarke,,Cinema & Actors/actresses,,27M,India,490.5K,617.2K
emiliamernes,Emilia Mernes,Music,,4.9M,Argentina,549.5K,1M
eminem,Marshall Mathers,Cinema & Actors/actresses,Music,35.6M,Iran,771.2K,993.5K
emmachamberlain,emma chamberlain,Lifestyle,Shows,15.3M,United States,1.1M,1.7M
emmaroberts,Emma Roberts,Cinema & Actors/actresses,,17.7M,United States,266.4K,392.4K
emrata,Emily Ratajkowski,Modeling,,29M,United States,475.4K,758.7K
enhypen,ENHYPEN,,,9.6M,Indonesia,1.5M,2.1M
erling.haaland,Erling Braut Haaland,,,14.8M,Brazil,541.8K,811K
esbilgic,Esra Bilgic,Lifestyle,Modeling,6.7M,India,319.1K,407.1K
ester_exposito,Ester ğŸŒ™,Cinema & Actors/actresses,,29M,Russia,2.9M,4.3M
eunwo.o_c,ì°¨ì€ìš°,Music,Lifestyle,27.4M,Indonesia,3.6M,4.5M
euphoria,euphoria,,,7.9M,United States,1.1M,1.8M
evaluna,Evaluna Montaner de Echeverry,Family,Music,19.8M,Argentina,812.1K,1.1M
evcenf,Fahriye Evcen OÌˆzcÌ§ivit,Lifestyle,Beauty,12.8M,Turkey,375.6K,473.3K
ewsbdi,ë¡œìš´,,,4.2M,Indonesia,488.6K,730.2K
f1,FORMULA 1Â®,Racing Sports,,18.3M,Italy,266.6K,337.7K
fabriziorom,Fabrizio Romano,Literature & Journalism,Shows,6.4M,Italy,328.9K,570.6K
fadiljaidi,Fadil Jaidi,Lifestyle,,7M,Indonesia,581.5K,873K
faz3,Fazza,Lifestyle,,14M,United Arab Emirates,257.3K,337.9K
fcbarcelona,FC Barcelona,Sports with a ball,,107.1M,Indonesia,450.1K,687.9K
fcbayern,FC Bayern,Sports with a ball,,31.8M,Germany,115K,167.4K
fedez,FEDEZ,Music,,13.7M,Italy,725.5K,1M
feliciathegoat,"Tyler, The Creator",Music,,12.4M,United States,1M,1.7M
felicyangelista_,Felicya Angelista,Family,,21M,Indonesia,107K,147.8K
felipeneto,Felipe Neto ğŸ¦‰,Lifestyle,,15.4M,Brazil,166.1K,236K
fifaworldcup,FIFA World Cup,Sports with a ball,,25.5M,India,71.2K,109.1K
florencepugh,Florence Pugh,Humor & Fun & Happiness,Cinema & Actors/actresses,7.2M,United States,926.4K,1.4M
for_everyoung10,ì¥ì›ì˜ WONYOUNG,,,3.6M,Indonesia,733.9K,926.9K
fortnite,Fortnite,Computers & Gadgets,,26.1M,United States,102.1K,120.3K
francety,Francia James,Adult content,,10.6M,India,250.4K,328.3K
francinyehlke,FĞ¯AN,Beauty,,15.2M,Brazil,86.4K,188.6K
frenchmontana,French Montana,Music,,24.5M,United States,91.5K,151.6K
frenkiedejong,Frenkie de Jong,Sports with a ball,,10M,Spain,528.6K,792.5K
fuckjerry,FUCKJERRY,Humor & Fun & Happiness,,16.6M,United States,405.3K,523.1K
fuji_an,Fujianti Utami Putri,,,10.3M,Indonesia,531.8K,1.3M
gabigol,Gabi ğŸ‡§ğŸ‡· Lil Gabi,Sports with a ball,,9.6M,Brazil,282K,427K
gal_gadot,Gal Gadot,Cinema & Actors/actresses,,77M,United States,597.5K,771.6K
galatasaray,Galatasaray,Sports with a ball,,11.1M,Turkey,254.4K,307.8K
garethbale11,Gareth Bale,Sports with a ball,,46.3M,Spain,402.2K,633.9K
gatenm123,Gaten Matarazzo,Music,Cinema & Actors/actresses,13.6M,Brazil,449.5K,594.1K
geneliad,Genelia Deshmukh,Cinema & Actors/actresses,,9.6M,India,444.4K,550.6K
georgenotfound,GeorgeNotFound,,,3.1M,United States,997.8K,1.1M
georginagio,Georgina RodriÌguez,Lifestyle,Fashion,36.5M,India,2.5M,3.5M
gessicakayane,GKAY,Shows,Humor & Fun & Happiness,19.3M,Brazil,173.6K,357.9K
ggonekim,,,,5.1M,Indonesia,441.6K,542.6K
gianlucavacchi,Gianluca Vacchi,Lifestyle,,22.2M,Brazil,511.4K,787.2K
giannis_an34,Giannis Antetokounmpo,Sports with a ball,,12.3M,United States,217.8K,344.6K
gigihadid,Gigi Hadid,Modeling,Lifestyle,73.2M,United States,1.9M,2.8M
gildovigor,GIL DO VIGOR,,,15M,Brazil,442.5K,612.2K
gima_ashi,Garima Chaurasia ğŸ’™,Lifestyle,,13.9M,India,145.1K,197.8K
gioewbank,Giovanna Ewbank,Cinema & Actors/actresses,Modeling,28M,Brazil,181.4K,290.6K
gisele,Gisele BuÌˆndchen,Modeling,Fashion,18.9M,Brazil,274.6K,408K
goar_avetisyan,Goar Avetisyan,Beauty,,11.5M,Russia,510.5K,707.9K
golfarahani,Golshifteh Farahani,Cinema & Actors/actresses,,12.6M,Iran,307.5K,395.7K
grantgust,Grant Gustin,Cinema & Actors/actresses,Fashion,7.8M,Brazil,343.4K,487.3K
greeicy,Greeicy,Shows,Cinema & Actors/actresses,20.4M,Colombia,201.4K,270.9K
grefg_official,TheGrefg,Computers & Gadgets,Machinery & Technologies,7.1M,Spain,440.1K,546.1K
gucci,Gucci Official,Accessories & Jewellery,Clothing & Outfits,47.9M,United States,57.9K,74.3K
gururandhawa,Guru Randhawa,Music,,31.5M,India,110.8K,135.4K
gusein.gasanov,Ğ“Ğ£Ğ¡Ğ•Ğ˜Ì†Ğ Ğ“ĞĞ¡ĞĞĞĞ’,Shows,,21M,Russia,524.5K,786.1K
gusttavolima,ğŸ› Gusttavo Lima ğŸ›,Music,,42.9M,Brazil,46.9K,79.8K
hadise,Hadise,Music,Shows,13.7M,Turkey,220.7K,257.2K
haechanahceah,HAECHAN,,,2.7M,N/A,0,2.1M
haileesteinfeld,hailee steinfeld,Cinema & Actors/actresses,,18.2M,United States,1.5M,1.9M
haileybieber,Hailey Rhode Baldwin Bieber,Lifestyle,Modeling,42.2M,United States,1.8M,2.4M
hakkiakdenizz,hakki akdeniz,Business & Careers,,17.6M,Russia,120.2K,174.4K
handemiyy,Hande ErcÌ§el,Cinema & Actors/actresses,,27.3M,Turkey,2.1M,2.8M
hannahstocking,Hannah Stocking,Modeling,,21M,United States,237.2K,337.8K
hardikpandya93,Hardik Himanshu Pandya,Sports with a ball,,20.6M,India,860.3K,1.1M
harrykane,Harry Kane,Sports with a ball,,12.3M,United Kingdom,148.3K,204.4K
harrystyles,,Music,Fashion,43.3M,Brazil,2.9M,3.9M
hassan_reyvandi,hasan reyvandi Ø­Ø³Ù† Ø±ÛŒÙˆÙ†Ø¯ÛŒ,Cinema & Actors/actresses,Humor & Fun & Happiness,18.7M,Iran,330.1K,456.5K
hegdepooja,Pooja Hegde,Cinema & Actors/actresses,,18.8M,India,831.7K,959.3K
helen_yes1,Ğ•Ğ»ĞµĞ½Ğ° Ğ¡Ğ°Ğ¶Ğ¸Ğ½Ğ°,Cinema & Actors/actresses,,10.5M,Russia,342.4K,442.6K
henrycavill,Henry Cavill,Cinema & Actors/actresses,,19.7M,Brazil,795.1K,966.5K
heybiblee,á„‹á…µá„‰á…¥á†¼á„€á…§á†¼,Modeling,,13.5M,Indonesia,971.1K,1.3M
hi_high_hiy,á„’á…ªá†¼á„‹á…µá†«á„‹á…§á†¸,Cinema & Actors/actresses,,12.9M,South Korea,2.6M,3M
hi_songjoongki,á„‰á…©á†¼á„Œá…®á†¼á„€á…µ songjoongki official,Cinema & Actors/actresses,,8.8M,Indonesia,1.7M,2.4M
hi_sseulgi,ìŠ¬ê¸° Seulgi,Modeling,,11.9M,Indonesia,849.6K,1.1M
hichasestokes,,Lifestyle,,7.4M,United States,640.9K,959.8K
hilaryduff,Hilary Duff,Cinema & Actors/actresses,,20.6M,United States,147.3K,188.2K
hm_son7,Son HeungMin(ì†í¥ë¯¼)ğŸ‡°ğŸ‡·,,,6M,Brazil,395.9K,644.2K
holyhaein,ì •í•´ì¸,,,9.7M,Indonesia,2.1M,2.6M
hoooooyeony,Hoyeon,Lifestyle,,23.7M,South Korea,2M,2.7M
houseofhighlights,House of Highlights,Sports with a ball,,32.7M,United States,64.6K,117.2K
hrithikroshan,Hrithik Roshan,Cinema & Actors/actresses,,41.9M,India,638.3K,805.3K
hshq,Harry Styles HQ,Music,Cinema & Actors/actresses,5.5M,United States,488.1K,859.1K
huddy,Chase Hudson,Lifestyle,Art/Artists,11.9M,Brazil,228.4K,317.8K
humansofny,Humans of New York,Lifestyle,Photography,11.8M,United States,181.9K,215.4K
hunterschafer,Hunter,,,7.1M,United States,957.2K,1.6M
hyeri_0609,á„’á…¨á„…á…µ,Music,,7M,South Korea,447.6K,539K
hyunah_aa,Hyun Ah,Music,,17.6M,South Korea,378.1K,448.7K
hziyech,Hakim Ziyech,Sports with a ball,,6M,Morocco,348.4K,476K
hztttao,Z.TAOğŸ”´é»„å­éŸ¬,Music,,11.3M,Indonesia,253.1K,281.3K
i_m_hendery,HiğŸ‘‰ğŸ»im HenderyğŸ‘ˆğŸ»,,,6M,United States,965.5K,1.3M
i_nivethathomas,Nivetha Thomas,Cinema & Actors/actresses,,5.9M,India,395.3K,447K
iambeckyg,Becky G,Music,,31.2M,Mexico,679.2K,817.4K
iamcardib,Cardi B,Music,Fashion,127.2M,United States,2.3M,3.3M
iamferv,fer,Lifestyle,Art/Artists,8.8M,Mexico,1M,1.5M
iamhalsey,halsey,Music,,28.9M,United States,793.7K,1M
iammichelemorroneofficial,Michele Morrone,Lifestyle,Cinema & Actors/actresses,12.9M,Brazil,654.1K,938.9K
iampauloandre,Paulo AndreÌ ğŸ,Lifestyle,,6.1M,Brazil,122.2K,424.4K
iamsrk,Shah Rukh Khan,Cinema & Actors/actresses,,28.6M,India,717K,909.7K
iamzlatanibrahimovic,Zlatan IbrahimoviÄ‡,Sports with a ball,,52.9M,Italy,306.7K,473.1K
iansomerhalder,iansomerhalder,Cinema & Actors/actresses,,22.5M,United States,527.6K,788.9K
ibaillanos,Ibai,Art/Artists,,6.8M,Spain,859.1K,1.2M
ileana_official,Ileana D'Cruz,Cinema & Actors/actresses,,14.1M,India,286K,347.7K
imhyoseop,ì•ˆíš¨ì„­,Lifestyle,,6M,Indonesia,1.2M,1.4M
imouniroy,mon,Cinema & Actors/actresses,,22.6M,India,238.9K,290.7K
imsebastianstan,Sebastian Stan,Shows,Cinema & Actors/actresses,9M,United States,566.1K,672.9K
indiancricketteam,Team India,Sports with a ball,,23.9M,India,223.2K,260.3K
indiaroyale,India,Lifestyle,,4M,United States,384.5K,1.1M
inijedar,Jessica Iskandar Verhaag,Cinema & Actors/actresses,,29.4M,Indonesia,74.5K,99.7K
instagram,Instagram,Photography,,487.2M,India,352.3K,467.4K
iqbaal.e,iqbaal ramadhan,Cinema & Actors/actresses,,13.4M,Indonesia,271.4K,465.9K
irinashayk,irinashayk,Modeling,,17.9M,Russia,121.8K,169K
iscoalarcon,Isco Alarcon Suarez,Sports with a ball,,23.3M,Spain,142.7K,206.2K
isisvalverde,isis valverde,Cinema & Actors/actresses,Lifestyle,27.8M,Brazil,79.4K,117.2K
its.michhh,Michel Chavez,,,5.3M,Mexico,605.1K,741.2K
itsmarziapie,Marzia Kjellberg,Beauty,Lifestyle,8.2M,United States,603.2K,705.1K
itzy.all.in.us,ITZY,Music,,15.8M,Indonesia,761.5K,930.8K
j.m,JIMIN of BTS,,,32.7M,N/A,12.7M,12.7M
jackharlow,Jack Harlow,Lifestyle,Music,5.1M,United States,330.8K,618.4K
jacksepticeye,Jacksepticeye,Computers & Gadgets,Machinery & Technologies,7.7M,United States,277.7K,322.3K
jacksonwang852g7,Jackson Wang,Music,,27.3M,China,950.1K,1.1M
jacobelordi,Jacob Elordi,Cinema & Actors/actresses,,13.2M,Brazil,997.4K,1.6M
jacquelinef143,Jacqueline Fernandez,Cinema & Actors/actresses,,59.3M,India,322K,391.8K
jadepicon,JADE ğŸŒª,Modeling,Fashion,19.4M,Brazil,375.2K,818.4K
jailyneojeda,Jailyne Ojeda Ochoa,Modeling,Lifestyle,14.1M,United States,183.1K,253.7K
jaimelorentelo,El chaval,Cinema & Actors/actresses,,14.5M,Brazil,285.1K,381.8K
jairmessiasbolsonaro,Jair M. Bolsonaro,Finance & Economics,Business & Careers,19.5M,Brazil,150.9K,212.6K
jakepaul,Jake Paul,Cinema & Actors/actresses,,19.2M,United States,278.2K,465.1K
jamescharles,James Charles,Beauty,,23.3M,United States,293.9K,432K
jamesrodriguez10,James RodriÌguez,Sports with a ball,,49.1M,Colombia,506K,768.3K
jamorant,12 ğŸ¥·ğŸ½ğŸ–¤,Lifestyle,Sports with a ball,5.9M,United States,332.9K,537.8K
janhvikapoor,Janhvi Kapoor,Lifestyle,Cinema & Actors/actresses,16.1M,India,951.3K,1.1M
jannatzubair29,Jannat Zubair Rahmani,Cinema & Actors/actresses,,41.2M,India,614.7K,748.6K
jaspritb1,jasprit bumrah,Lifestyle,,9.5M,India,466.5K,536K
jaybnow.hr,LIM JAE BEOM,Music,,6.6M,Brazil,561.3K,731.7K
jaydacheaves,JAYDA WAYDA,Clothing & Outfits,,7M,United States,128.5K,381.3K
jbalvin,J Balvin,Music,,51.9M,Mexico,273.6K,363K
jennaortega,Jenna Ortega,Cinema & Actors/actresses,Lifestyle,7.4M,United States,257.1K,366.1K
jennierubyjane,J,Music,,64.8M,Indonesia,6.2M,7.4M
jennifer.garner,Jennifer Garner,Cinema & Actors/actresses,,12.5M,United States,255.6K,289.4K
jenniferaniston,Jennifer Aniston,Cinema & Actors/actresses,,40.1M,Brazil,1.6M,2.3M
jenniferwinget1,Jennifer Winget,Cinema & Actors/actresses,,12.3M,India,322.3K,391.7K
jennmuriel,Jenn muriel,Lifestyle,Modeling,5.5M,Colombia,451.5K,562.6K
jensenackles,Jensen Ackles,Cinema & Actors/actresses,,9.1M,United States,504.6K,655.9K
jeremyrenner,Jeremy Renner,Shows,Cinema & Actors/actresses,17.2M,United States,192.9K,230.8K
jeromepolin,Jerome Polin Sijabat ã‚·ã‚™ã‚§ãƒ­ãƒ¼ãƒ ,Education,Humor & Fun & Happiness,6.5M,Indonesia,424.2K,622.4K
jesselingard,JLingz,Sports with a ball,,9.5M,United Kingdom,192.1K,294.5K
jessicah_o,Jessi / á„Œá…¦á„‰á…µ,Music,,9.7M,United States,874.5K,1.1M
jessicajane99,Jessica Jane,Lifestyle,,6M,Indonesia,441.4K,582.3K
jharden13,James Harden,Sports with a ball,,11.7M,United States,137.5K,236.5K
jheneaiko,JheneÌ Aiko Efuru Chilombo ğŸ”®,Music,,14M,United States,273.8K,481.1K
jichangwook,ì§€ì°½ìš±,Cinema & Actors/actresses,,19.2M,Indonesia,920.2K,1.2M
jimmyfallon,Jimmy Fallon,Shows,Humor & Fun & Happiness,21.3M,United States,97.2K,120.9K
jin,Jin of BTS,,,32M,United States,11.1M,11.1M
jin_bighitentertainment,JIN (á„€á…µá†·á„‰á…¥á†¨á„Œá…µá†«),Lifestyle,,8.5M,Indonesia,1.2M,1.4M
jinyoung_0922jy,ë°•ì§„ì˜,Music,,9.3M,Indonesia,881.4K,1.2M
jlo,Jennifer Lopez,Music,Cinema & Actors/actresses,200.8M,United States,429.5K,549.9K
joaogomescantor,JoaÌƒo Gomes ğŸ™,,,10.8M,Brazil,335.8K,917.8K
joaoguilherme,JÒ‰OÒ‰TÒ‰IÒ‰NÒ‰HÒ‰AÒ‰,Music,Cinema & Actors/actresses,15.5M,Brazil,116.8K,227.1K
joeyking,Joey King,Music,Cinema & Actors/actresses,19.1M,Brazil,541.1K,774.1K
johnnyjsuh,Johnny Suh,Lifestyle,Music,8.1M,Indonesia,1.3M,1.6M
jojotodynho,JoJo,Music,,21.7M,Brazil,117.3K,190.1K
jokowi,Joko Widodo,Finance & Economics,,45.8M,Indonesia,158K,196K
jongsuk0206,ì´ì¢…ì„,Cinema & Actors/actresses,,22.2M,Indonesia,2.2M,2.9M
jordialbaoficial,Jordi Alba,Sports with a ball,,14.1M,Spain,135.7K,196.3K
jorgelopez_as,Jorge Lopez,Cinema & Actors/actresses,,9.7M,Brazil,211.3K,346.3K
joshu_acoustic,Joshua Hong,Music,,4M,N/A,0,1M
joshuadun,jÃ¸sh dun,Music,,5.8M,United States,540.3K,660K
juandam___,JuanDa.,,,3.5M,Colombia,772.4K,941.2K
juandediospantoja,JD PANTOJA ğŸ‡²ğŸ‡½,Music,Art/Artists,21.5M,Mexico,519.1K,591.8K
juanpazurita,Juanpa Zurita,Cinema & Actors/actresses,,28.6M,Mexico,341.7K,485.8K
juansguarnizo,Juan SebastiÃ¡n Guarnizo,,,4.7M,Mexico,659.6K,722.9K
juicewrld999,Juice WRLD 9 9 9,,,12.2M,United States,493.9K,833.2K
juki_lop,JukiLop,Shows,Family,9.1M,Mexico,493K,573.3K
julesleblanc,julianna,Music,Shows,9.7M,United States,409.5K,592.1K
julianapaes,Juliana Paes,Art/Artists,Cinema & Actors/actresses,30.2M,Brazil,61.4K,95.2K
juliette,Juliette,Cinema & Actors/actresses,,33.7M,Brazil,201.2K,319.8K
jungkook_bighitentertainment,JUNGKOOK (ì „ì •êµ­) Updates,Management & Marketing,Music,9.9M,Brazil,1.8M,2M
jungkook.97,Jungkook,,,35.8M,N/A,11.4M,11.4M
justinbieber,Justin Bieber,Music,,227M,India,439.1K,638.2K
justinbieber,Justin Bieber,Music,,227.4M,India,314.2K,445.3K
justintimberlake,Justin Timberlake,Music,Art/Artists,64.2M,United States,323.3K,432.9K
juventus,Juventus,Sports with a ball,,52.9M,India,61.8K,89.4K
k.kbeom,á„€á…µá†·á„‡á…¥á†· kimbum,,,5.2M,Indonesia,1M,1.2M
k.mbappe,Kylian MbappeÌ,Sports with a ball,,68.9M,France,3M,4.3M
kajalaggarwalofficial,Kajal A Kitchlu,Cinema & Actors/actresses,,21.7M,India,527.3K,638K
kaka,KakaÌ,Sports with a ball,,17.9M,Brazil,83.6K,136.1K
kaliuchis,,Music,,3.7M,United States,399.2K,689.7K
kapilsharma,Kapil Sharma,Cinema & Actors/actresses,Shows,39.8M,India,690.2K,789.3K
kareenakapoorkhan,Kareena Kapoor Khan,Lifestyle,Cinema & Actors/actresses,8.9M,India,367.4K,458.3K
karimbenzema,Karim Benzema,Sports with a ball,,47.4M,France,981.2K,1.4M
karljacobs,Karl Jacobs,,,4M,United States,722.5K,941.7K
karolg,KAROL G,Music,,50.8M,Mexico,4.5M,5.4M
kartikaaryan,KARTIK AARYAN,Cinema & Actors/actresses,,23.8M,India,472.2K,588.2K
katherinelangford,KATHERINE LANGFORD,Cinema & Actors/actresses,,25.7M,India,241.9K,346.4K
katrinakaif,Katrina Kaif,Beauty,,62.9M,India,1M,1.1M
katyperry,KATY PERRY,Music,,156.6M,Brazil,231.8K,302.6K
kawtarbamo,KAWTAR BA-MOHAMED,Cinema & Actors/actresses,,7.2M,Morocco,275.9K,374.1K
kaylanicolejones,,Shows,,7.3M,United States,166.5K,352.7K
keerthysureshofficial,Keerthy Suresh,Fashion,Cinema & Actors/actresses,12.5M,India,650.7K,743.6K
kehlani,Kehlani,Music,Family,13.7M,United States,210.5K,328.2K
kendalljenner,Kendall,Modeling,Fashion,227.4M,United States,3.4M,5.5M
keniaos,Kenia Os,Music,,12.6M,Mexico,545.2K,709K
kentooyamazaki,å±±ï¨‘è³¢äºº,Cinema & Actors/actresses,,4.9M,Japan,583K,677.1K
kenzie,kenzie â™¡,Art/Artists,,14.8M,United States,232.4K,353.6K
kevindebruyne,Kevin De Bruyne,Sports with a ball,,16.8M,United Kingdom,247.5K,382.9K
kevinhart4real,Kevin Hart,Cinema & Actors/actresses,,140.2M,United States,111.3K,141K
kevinroldankr,KR â™›,Music,,10.1M,Mexico,180.2K,291.4K
khabib_nurmagomedov,Ğ¥Ğ°Ğ±Ğ¸Ğ± ĞÑƒÑ€Ğ¼Ğ°Ğ³Ğ¾Ğ¼ĞµĞ´Ğ¾Ğ²,Fitness & Gym,,33.3M,Russia,252.6K,353.3K
khaby00,Khaby Lame,,,73.9M,Iran,4.3M,6.5M
khloekardashian,KhloeÌ Kardashian,Clothing & Outfits,Lifestyle,230.2M,United States,991.1K,1.2M
kiaraaliaadvani,KIARA,Cinema & Actors/actresses,,22.1M,India,828.8K,939.3K
kiernanshipka,Kiernan Shipka,Cinema & Actors/actresses,,8.1M,Brazil,207.3K,335.8K
kimberly.loaiza,KIM LOAIZA ğŸ–¤,Clothing & Outfits,Lifestyle,33.9M,Mexico,995K,1.2M
kimjuncotton,SUHO,Lifestyle,,9.7M,Indonesia,1.4M,1.7M
kimkardashian,Kim Kardashian,Fashion,Beauty,296.4M,United States,2M,2.9M
kimshantal,Kim Shantal ğŸŒ¹,Music,,11.6M,Mexico,203.3K,237.8K
kingarturo23oficial,Arturo Vidal,Sports with a ball,,16.7M,Italy,120.8K,194.8K
kingbach,King Bach,Music,Art/Artists,22.1M,United States,120.6K,242K
kingjames,ğŸ‘‘,Sports with a ball,,116.6M,United States,952.9K,1.6M
kingryan,Ryan Garcia,Fitness & Gym,,8.7M,United States,209.5K,316.6K
kittychicha,NANNO | KITTYCHICHA AMATAYAKUL,Lifestyle,,4.2M,Philippines,678.8K,823.4K
kjapa,KJ Apa,Cinema & Actors/actresses,,19M,United States,1M,1.5M
kkvsh,ğŸ‡¯ğŸ‡²ğŸ¦‚ğŸ‡¸ğŸ‡»,Lifestyle,,8.2M,United States,198.8K,336.6K
klaythompson,Klay Thompson,Sports with a ball,Lifestyle,11.6M,United States,202.3K,294.7K
kourtneykardash,Kourtney â¤ï¸,Lifestyle,,166.4M,United States,674.5K,961.2K
krisjenner,Kris Jenner,Shows,Beauty,46.6M,United States,119.6K,183.4K
kritisanon,Kriti,Modeling,,47.3M,India,565.5K,658.2K
ksi,KSI,Music,,11.2M,United Kingdom,611.7K,857.5K
kun11xd,KUN,Lifestyle,,6.5M,Indonesia,802.4K,1M
kunaguero,Sergio Leonel AguÌˆero,Sports with a ball,,22.4M,Argentina,458.4K,794.5K
kyliejenner,Kylie ğŸ¤,Fashion,Modeling,323.3M,United States,7.6M,12.3M
kyo1122,Song hyekyo,Cinema & Actors/actresses,,12.9M,Indonesia,636.2K,810.5K
kyrieirving,K.A.I HÃ©lÃ ,Sports with a ball,,16.2M,United States,142.7K,216.8K
l7nnon,L7,Lifestyle,Shows,6.3M,Brazil,214K,507.9K
la_segura,LA SEGURA â™› â™¥,Cinema & Actors/actresses,,8.2M,Colombia,335.2K,411.3K
lacikaysomers,Laci Kay Somers,Music,Modeling,11.8M,United States,147.5K,253.7K
ladivaza,âœ¨LA DIVAZAâœ¨,Music,Modeling,6.8M,Mexico,388.9K,474.5K
ladygaga,Lady Gaga,Music,Cinema & Actors/actresses,51.9M,United States,498.3K,700K
lakers,Los Angeles Lakers,Sports with a ball,,19.3M,United States,85.8K,132.4K
lalalalisa_m,LISA,Music,,75.7M,Indonesia,7.5M,8.6M
lamborghini,Lamborghini,Luxury,Cars & Motorbikes,31.6M,India,174.4K,240.5K
lanacondor,,Cinema & Actors/actresses,,10.9M,Brazil,283K,385.7K
larasilva,Lara Silva ğŸ’¦,Shows,Adult content,16.8M,Brazil,789K,1.2M
larissamanoela,Larissa Manoela,Cinema & Actors/actresses,,44.8M,Brazil,192.1K,320.4K
larray,larri,Lifestyle,Modeling,6.7M,United States,357K,521.5K
laurenlondon,Lauren London,Cinema & Actors/actresses,Modeling,9.7M,United States,217.7K,371.6K
ldh_sky,á„‹á…µá„ƒá…©á„’á…§á†«,,,5.5M,Indonesia,978.4K,1.3M
leaelui,Lea Elui G,Modeling,Lifestyle,11.7M,India,428.4K,719.5K
leedongwook_official,ì´ë™ìš± (Official_Instagram),Cinema & Actors/actresses,,14.1M,Indonesia,1M,1.4M
leeyoum262,á„‹á…µá„‹á…²á„†á…µ,Photography,Humor & Fun & Happiness,8.1M,South Korea,562.7K,688.8K
leighannepinnock,Leigh-Anne Pinnock,Music,,8.5M,Brazil,279.1K,398K
lelepons,Lele Pons,Music,,47.7M,Mexico,724.3K,1.1M
leomessi,Leo Messi,Sports with a ball,Family,315.4M,Argentina,4M,5.3M
leonardodicaprio,Leonardo DiCaprio,Cinema & Actors/actresses,,52.8M,United States,132K,166.2K
ler_chek,Ğ’Ğ°Ğ»ĞµÑ€Ğ¸Ñ Ğ§ĞµĞºĞ°Ğ»Ğ¸Ğ½Ğ°,Lifestyle,Beauty,10.5M,Russia,713K,923.3K
lestykejora,Lestikejora,Music,,24.9M,Indonesia,372.9K,484K
letthelordbewithyou,Scott Disick,Lifestyle,Family,26.5M,United States,61.5K,92.2K
lewishamilton,Lewis Hamilton,Racing Sports,,27.5M,Brazil,819.9K,1.2M
lexibrookerivera,Lexi Rivera,Shows,Humor & Fun & Happiness,8.4M,United States,778K,975.4K
liampayne,Liam Payne,Music,,24.1M,United States,420.4K,585.5K
lilbaby,WHAM,Music,,18.8M,United States,475.4K,876.5K
lildurk,DURKIOOO,Music,Art/Artists,13M,United States,162.1K,458.2K
lilireinhart,Lili Reinhart,Cinema & Actors/actresses,,29M,Brazil,1.5M,2.2M
lilnasx,MONTERO,Music,,12.2M,United States,815.5K,1.4M
liluzivert,,Music,,15.8M,United States,1.1M,2M
lilyjcollins,Lily Collins,Cinema & Actors/actresses,,26.9M,United States,314.3K,467.3K
linatejeiro,Lina Tejeiro.,Cinema & Actors/actresses,,9.2M,Colombia,237.7K,287K
lisakudrow,Lisa Kudrow,Cinema & Actors/actresses,,8.5M,India,356.6K,475.7K
litkillah,MAWZğŸ’¬,Music,,7.2M,Argentina,438.7K,578.4K
littlebodybigheart,Melanie Martinez,Music,,11.1M,Brazil,913.1K,1.2M
littlemix,Little Mix,Music,,15.4M,Brazil,172.1K,232K
liverpoolfc,Liverpool Football Club,Sports with a ball,,36.7M,United Kingdom,100.2K,138.2K
lizakoshy,Liza Koshy,Cinema & Actors/actresses,,19.6M,United States,156.3K,208.8K
lizasoberano,Liza Soberano,Beauty,Cinema & Actors/actresses,16.9M,Philippines,243.1K,289.9K
lizgillz,Elizabeth Gillies,Music,Cinema & Actors/actresses,13.9M,Mexico,563K,816.3K
lizzobeeating,Lizzo,Music,Lifestyle,12.1M,United States,213.1K,298.3K
loganpaul,Logan Paul,Fitness & Gym,,22.5M,United States,549.4K,733.8K
lomon991111,Lomon 991111,,,5.7M,N/A,0,1.7M
loren,loren gray,Fashion,Modeling,22.5M,United States,137.3K,227.3K
loud_babi,BaÌrbara Passos,Lifestyle,,9.2M,Brazil,200.1K,323.5K
loud_victor,Victor Augusto,Lifestyle,Sports with a ball,10.4M,Brazil,511.2K,652.3K
louist91,Louis Tomlinson,Music,,18.2M,Brazil,1.1M,1.5M
louisvuitton,Louis Vuitton,Fashion,Clothing & Outfits,47.7M,Brazil,46.2K,59.7K
lucas_lira,Lucas Lira,Humor & Fun & Happiness,Lifestyle,5.8M,Brazil,296.5K,434.3K
lucasranngel,LUCAS RANGEL,Lifestyle,,19.2M,Brazil,186.8K,412.3K
lucyhale,Lucy Hale,Cinema & Actors/actresses,,24.3M,United States,183.5K,240.4K
ludmilla,Ludmilla,Music,,26.5M,Brazil,143.5K,212.6K
luisafernandaw,Luisa Fernanda W,Lifestyle,Beauty,16.9M,Colombia,106.3K,162.1K
luisasonza,LUÃSA SONZA,Music,Lifestyle,28.2M,Brazil,125.1K,198.9K
luisitocomunica,Luisillo El Pillo,Humor & Fun & Happiness,Clothing & Outfits,31.7M,Mexico,939.8K,1.2M
luissuarez9,Luis Suarez,Sports with a ball,,43M,Brazil,238.8K,356.5K
lukamodric10,Luka Modric,Sports with a ball,,21.6M,Spain,419.8K,616.3K
lunay,EL NINÌƒO ğŸ‘¶ğŸ»,Music,,10.3M,Mexico,202.6K,296.6K
luvadepedreiro,Iran Ferreira,,,9.5M,Brazil,910.4K,2.1M
lynaritaa,Lyna Perez,,,8.6M,United States,227.1K,299.4K
m_kayoung,MUN KA YOUNG,Cinema & Actors/actresses,,7.9M,Indonesia,1.1M,1.5M
m10_official,Mesut OÌˆzil,Sports with a ball,,24M,Turkey,526.6K,738.3K
machinegunkelly,the Blonde Don,Music,,9.6M,United States,284K,457.5K
maddieziegler,maddie,Cinema & Actors/actresses,Modeling,13.9M,United States,533.4K,799.9K
madelame,Madelaine Petsch,Cinema & Actors/actresses,,25.3M,Russia,1.3M,1.8M
madelyncline,Maddie,,,12.4M,United States,1.6M,2.3M
madhuridixitnene,Madhuri Dixit,Music,Cinema & Actors/actresses,30.6M,India,297.2K,343.1K
madisonbaileybabe,Maddie Baby,Lifestyle,,6.7M,United States,416.4K,779.3K
madisonbeer,Madison Beer,Music,,30.6M,United States,630.2K,940.9K
mahnaz_afshar,Mahe Man,Cinema & Actors/actresses,Lifestyle,15.7M,Iran,154.3K,212.9K
maisa,#NAME?,Music,,42M,Brazil,343.7K,468K
maluma,MALUMA,Music,,61.6M,Italy,329.2K,507.6K
malutrevejo,MaluÌ ğŸ¦‹ 222ğŸ¤,Music,,11.2M,United States,277.2K,496.8K
manchesterunited,Manchester United,Sports with a ball,,56.5M,United Kingdom,116.6K,188.8K
manelyk_oficial,Manelyk Gonzalez,Music,,14.1M,Mexico,179.5K,240.4K
maneskinofficial,MaÌŠneskin,Lifestyle,,6M,Italy,519.4K,733.5K
manurios,manu rios,Shows,,9.9M,Mexico,572.7K,966K
marcelotwelve,Marcelo Vieira,Sports with a ball,,53M,Spain,413.5K,622.2K
marcmarquez93,Marc MaÌrquez,Racing Sports,,6.6M,Indonesia,478.2K,634.5K
marcoasensio10,Marco Asensio,Sports with a ball,,13.6M,Spain,194.3K,298.3K
marcusrashford,Marcus Rashford MBE,Sports with a ball,,12.7M,United Kingdom,401.9K,635.5K
mariaalice,Maria Alice,,,6.8M,Brazil,673.4K,1.4M
mariabecerra,Maria Becerra,Music,,8.6M,Argentina,332.3K,785K
mariapedraza_,MariÌa Pedraza,Cinema & Actors/actresses,,12M,Spain,279.6K,369K
marimaria,Mari Maria,Beauty,,19.9M,Brazil,126.6K,242.7K
marinaruybarbosa,Marina Ruy Barbosa,Cinema & Actors/actresses,,39.8M,Brazil,86.6K,130.1K
markiplier,Markiplier,Shows,,9.8M,United States,406.5K,463.3K
markruffalo,Mark Ruffalo,Cinema & Actors/actresses,,20.5M,Brazil,194.3K,244.2K
marktuan,Mark Tuan,Music,Cinema & Actors/actresses,12.1M,Thailand,667.1K,877.2K
marshmellomusic,marshmello,Music,,29.2M,India,345.6K,406.6K
martingarrix,Martin Garrix,Music,,15.6M,Mexico,152.8K,216.3K
marvel,Marvel Entertainment,Cinema & Actors/actresses,Comics & sketches,62.7M,United States,180.1K,212.5K
marvelstudios,Marvel Studios,Cinema & Actors/actresses,Comics & sketches,36.1M,India,225.5K,252.6K
mathildtantot,Mathilde,Lifestyle,Modeling,10.3M,United States,310.2K,470K
matue30,MATUÃŠ,Lifestyle,,6.1M,Brazil,186K,408.1K
maudeapatow,Maude Apatow,Lifestyle,Cinema & Actors/actresses,4.8M,United States,577K,955.1K
maudyayunda,Maudy Ayunda,Music,,15.4M,Indonesia,110.9K,163.5K
maxverstappen1,Max Verstappen,Racing Sports,,8.2M,United States,398.7K,524.4K
meganfox,Megan Fox,Cinema & Actors/actresses,,19.9M,United States,2.1M,3.4M
mehraadjam,Mehraad Jam,Music,,4.7M,Iran,385K,564.1K
mejiwoo103,á„Œá…µá„‹á…®,,,11.1M,Indonesia,432.4K,521.9K
melissamelmaia,MEL MAIA ğŸ¯,Music,,11.5M,Brazil,245.1K,444.1K
melo,LaMelo Ball,Sports with a ball,,8.3M,United States,298.1K,605.6K
memezar,Memezar â€¢ Comedy and Culture,Cinema & Actors/actresses,,23.7M,United States,325.6K,484.7K
memphisdepay,Memphis Depay,Sports with a ball,,14.2M,France,191.6K,339.1K
mercedesbenz,Mercedes-Benz,Cars & Motorbikes,Luxury,35.3M,Iran,75K,106.8K
miakhalifa,Mia K.,Fitness & Gym,Lifestyle,27.7M,India,1.5M,2.3M
michaelbjordan,Michael B. Jordan,Cinema & Actors/actresses,,18.4M,United States,452.9K,751K
michaelclifford,michael clifford,Music,,5.8M,United States,291.9K,427.9K
michelleobama,Michelle Obama,Finance & Economics,Business & Careers,49.1M,United States,132.3K,150.2K
miguel_bernardeau,Miguel Bernardeau,Cinema & Actors/actresses,,7M,Spain,260.8K,384.5K
miguel.g.herran,Miguel HerraÌn,Cinema & Actors/actresses,,14.2M,Brazil,998.2K,1.5M
miketyson,Mike Tyson,Fitness & Gym,,18.1M,United States,122.8K,157.3K
mikhail_litvin,ĞœĞ¸Ñ…Ğ°Ğ¸Ğ» Ğ›Ğ¸Ñ‚Ğ²Ğ¸Ğ½,Shows,,14.6M,Russia,972K,1.2M
milad_khahhh,Milad Ghasemikhah pargam,Lifestyle,,5.6M,Iran,365.1K,512.7K
mileycyrus,Miley Cyrus,Music,,163.8M,United States,439.7K,594.9K
milliebobbybrown,Millie Bobby Brown,Cinema & Actors/actresses,,48.2M,Brazil,2.1M,2.7M
mimikeene3,ğ•„ ğ•€ ğ•„ ğ•€  ğ•‚ ğ”¼ ğ”¼ â„• ğ”¼,Cinema & Actors/actresses,,4.3M,United Kingdom,765.8K,1.4M
min9yu_k,ê¹€ë¯¼ê·œ,Music,,6M,Indonesia,1.1M,1.3M
mingue.k,ê¹€ë¯¼ê·œ,Shows,,3.3M,Indonesia,893.5K,1.1M
mirandacosgrove,Miranda Cosgrove,Music,Cinema & Actors/actresses,9.8M,Brazil,213.5K,333.6K
mirella,BAD MI âš¡ï¸ MC MIRELLA,Music,,26.6M,Brazil,230.4K,486.7K
missasinfonia,MissaSinfonia,,,4.6M,Mexico,656.8K,752.9K
mo.on_air,TAEIL,,,4.4M,Indonesia,1.2M,1.4M
mohamedramadanws,Mohamed Ramadan,Music,,20.1M,Egypt,93.9K,129.9K
mohanshakti,Shakti Mohan,Art/Artists,Cinema & Actors/actresses,14.9M,India,207K,248K
mont.pantoja,MONT,,,11.4M,Mexico,498.7K,593.7K
mosalah,Mohamed Salah,Sports with a ball,,49M,Egypt,1.2M,1.7M
mr_faisu_07,FAISAL SHAIKH,Modeling,Cinema & Actors/actresses,26.9M,India,362K,462.1K
mrbeast,MrBeast,Shows,Humor & Fun & Happiness,18M,United States,1.4M,1.8M
ms_puiyi,Siew Pui Yi ğŸ¤,Adult content,,17.2M,United States,384K,491.9K
mterstegen1,Marc ter Stegen,Sports with a ball,,13.3M,Spain,280K,422K
myketowers,MICHAEL,Music,,9.4M,Spain,207.9K,376.1K
na.jaemin0813,JAEMIN,,,8.8M,Indonesia,1.9M,2.4M
nabilla,Nabilla Vergara âœ¨,Beauty,,7.2M,France,266.8K,367.4K
nadin_serovski,Nadin Serovski,Family,Lifestyle,9.4M,Russia,515.7K,710.1K
nadine,å°å®®å¸Œç¾ ğŸ¤,Music,Shows,11.1M,Philippines,319.9K,354.6K
naileadevora,nai,Shows,,5M,United States,482.4K,712.7K
nameisnani,Nani,Sports with a ball,,4.8M,India,517.8K,559K
nancyajram,Nancy Ajram,Music,,32.4M,Iraq,140.3K,179.5K
narendramodi,Narendra Modi,Finance & Economics,Business & Careers,66.5M,India,1.5M,1.7M
narins_beauty,â€¢â€¢Narins Beautyâ€¢â€¢,Lifestyle,,8.4M,Syria,351.6K,429K
nasa,NASA,Science,Photography,75.3M,India,564.5K,653.2K
natalee.007,Natalie Lee,Modeling,Music,6.9M,United States,286.6K,366.1K
natashawilona12,Natasha Wilona,Beauty,,37.5M,Indonesia,233.3K,278.6K
natgeo,National Geographic,Nature & landscapes,Science,214.6M,United States,124.7K,145.5K
natgeotravel,National Geographic Travel,Nature & landscapes,Photography,45.4M,United States,50.6K,56.9K
nattinatasha,NATTI NATASHA,Music,Cinema & Actors/actresses,35.4M,Mexico,281.1K,338.3K
navidmohammadzadeh,navid mohammadzadeh,Cinema & Actors/actresses,,8.2M,Iran,541.4K,764K
nazriyafahadh,Nazriya Nazim Fahadh,Lifestyle,,5.5M,India,371.8K,497.8K
nba,NBA,Sports with a ball,,65.8M,United States,40.6K,68.2K
ncentineo,Noah,Cinema & Actors/actresses,,17M,Brazil,200.3K,333.6K
nct,NCT Official Instagram,Music,,13.6M,Indonesia,624.9K,819.9K
nct_dream,NCT DREAM OFFICIAL,,,9.2M,Indonesia,576.3K,642.9K
nct127,NCT 127 Official Instagram,Music,,13.7M,Indonesia,787.2K,972.3K
nehakakkar,Neha Kakkar (Mrs. Singh),Music,,68.5M,India,664.8K,774.4K
nehasharmaofficial,Neha Sharma ğŸ’«,Cinema & Actors/actresses,,13.9M,India,232.8K,267.6K
neslihanatagul,Neslihan AtaguÌˆl DogÌ†ulu,Cinema & Actors/actresses,Modeling,13M,Turkey,670.6K,842.6K
nessabarrett,ness,,,6.6M,United States,340.2K,461.3K
netflix,Netflix US,Cinema & Actors/actresses,Shows,29.5M,Brazil,65K,105.9K
netflixbrasil,Netflix Brasil,Shows,Cinema & Actors/actresses,29.9M,Brazil,103.7K,177.5K
neymarjr,NJ ğŸ‡§ğŸ‡·,Sports with a ball,,172M,Brazil,1.6M,2.3M
niallhoran,Niall Horan,Music,,29.4M,United States,1.2M,1.8M
nianaguerrero,Niana,Music,Kids & Toys,14M,Indonesia,410.6K,514.8K
nicki.nicole,,Music,,11.5M,Argentina,876.2K,1.3M
nickiminaj,Barbie,Music,,181.6M,United States,393.7K,615.2K
nickjonas,Nick Jonas,Music,Art/Artists,32.3M,United States,164K,233K
nickyjam,NICKY JAM,Music,,42.7M,Colombia,290.9K,347K
nicolegarcia,NICOLE,Lifestyle,,5.3M,Mexico,384.9K,503.4K
nike,Nike,Fitness & Gym,Shopping & Retail,208.9M,United States,129.5K,175.5K
nikefootball,Nike Football (Soccer),Sports with a ball,Clothing & Outfits,44.3M,Brazil,74.8K,117.4K
nikitadragun,Nikita,Beauty,Modeling,9.1M,United States,368K,562.1K
nikkietutorials,NikkieTutorials,Beauty,,15.6M,United States,353.8K,480.5K
nina,Nina Dobrev,Cinema & Actors/actresses,,25.5M,Brazil,778.5K,1.1M
nita_shilimkar,Nita Shilimkar,Fashion,Modeling,10.3M,India,351.1K,464.9K
noahbeck,Noah Beck,Sports with a ball,,9M,United States,317.3K,523K
noahschnapp,Noah Schnapp,Cinema & Actors/actresses,,20.1M,Brazil,1.3M,1.7M
nobru,Bruno Goes ğŸ­,,,13.2M,N/A,0,350.2K
nobru,Bruno Goes ğŸ­,Machinery & Technologies,Computers & Gadgets,13.2M,N/A,0,350.1K
nodal,Christian Nodal ğŸ‡²ğŸ‡½ ğŸŒµğŸ’š,Music,,8.4M,Mexico,252.4K,415.5K
nolimitherbo,G HERBO,Music,Art/Artists,7.4M,United States,156.2K,374.7K
noorstars,Ù†ÙˆØ± Ø³ØªØ§Ø±Ø² | Noor Stars,Shows,,12.6M,Iraq,149.5K,199.6K
norafatehi,Nora Fatehi,Cinema & Actors/actresses,Music,38.6M,India,865.8K,1.1M
normani,Normani,Lifestyle,,7M,United States,313.8K,490.9K
nusr_et,Nusr_et#Saltbae,Food & Cooking,,43.5M,Turkey,192.9K,285.4K
o.dembele7,Believe,Sports with a ball,,10.3M,Spain,468.6K,804K
obj,Odell Beckham Jr,Sports with a ball,,15.8M,United States,339.5K,645.8K
obx,Outer Banks,,,5.4M,United States,587.3K,1.1M
officialslystallone,Sly Stallone,Art/Artists,Cinema & Actors/actresses,14.8M,United States,162.9K,206.3K
offsetyrn,OFFSET,Music,,19.7M,United States,313.3K,559.8K
oliviarodrigo,Olivia Rodrigo,Music,Cinema & Actors/actresses,22.9M,India,2.8M,3.5M
onwardwanna,"Javon ""Wanna"" Walton",Lifestyle,Cinema & Actors/actresses,5.1M,United States,1M,1.7M
onyourm__ark,Mark,,,8.3M,Indonesia,1.7M,2.1M
oohsehun,SEHUN,Music,,22.9M,Indonesia,1.9M,2.4M
ozuna,@ozutochi ğŸ”œ #TemporadaDelOzo,Music,,22.2M,Spain,167.1K,225.3K
pablogavi,GAVI,,,3.3M,N/A,0,841.6K
paollaoliveirareal,Paolla Oliveira,Cinema & Actors/actresses,Lifestyle,33.6M,Brazil,127.6K,167.4K
parineetichopra,Parineeti Chopra,Cinema & Actors/actresses,,35.2M,India,357.5K,412.1K
paulodybala,Paulo Dybala,Sports with a ball,,45.8M,Argentina,662.9K,1.1M
paulolondra,Paulo londra,Music,,12.6M,Argentina,1.2M,1.9M
paulpogba,Paul Labile Pogba,Sports with a ball,,52.8M,Brazil,353.4K,628.5K
paulwalker,Paul Walker,Cinema & Actors/actresses,,14.6M,India,217.2K,297.8K
paulwesley,Paul Wesley,Cinema & Actors/actresses,,12.2M,Brazil,640K,958K
pefabiodemelo,Padre FÃ¡bio de Melo,Lifestyle,,25.5M,Brazil,81.6K,122.9K
perrieedwards,Perrie Edwards ğŸ–¤,Modeling,,14.5M,Brazil,523.1K,816.7K
perspolis,P e r s e p o l i s,Sports with a ball,,7.6M,Iran,276.5K,393.2K
pewdiepie,PewDiePie,Computers & Gadgets,,21.9M,United States,1.2M,1.4M
peytonlist,Peyton List,Cinema & Actors/actresses,,19.7M,United States,360K,541.5K
pharrell,ğ’ğğ ğğ… ğ€ ğğ‡ğ€ğ‘ğ€ğğ‡,Music,,13.5M,United States,126.4K,181.1K
phil.coutinho,Philippe Coutinho,Sports with a ball,,24.5M,Brazil,456.2K,740.9K
phoebejtonkin,Phoebe Tonkin,Beauty,Cinema & Actors/actresses,8.2M,United States,236.8K,338.6K
phs1116,ë°•í˜•ì‹ / PARKHYUNGSIK,Business & Careers,,9.5M,Indonesia,2M,2.6M
playboicarti,,Music,,8M,United States,1.2M,2.1M
playstation,PlayStation,Computers & Gadgets,Machinery & Technologies,28.9M,United States,80.5K,99.3K
pokimanelol,pokimane â¤,Lifestyle,Shows,6M,United States,526.7K,694.8K
pokrov90,ĞĞĞ¯ ĞŸĞĞšĞ ĞĞ’ - ĞĞĞ¢Ğ˜Ğ“Ğ Ğ£Ğ¡Ğ¢Ğ˜ĞğŸ¥‘â¤ï¸,Shows,,7.3M,Russia,350.3K,408.1K
polo.capalot,Polo.GğŸ,Music,Lifestyle,10.2M,United States,416.9K,685.7K
pooorblack,Pooorblack,,,4M,Iran,530K,687.4K
porsche,Porsche,Cars & Motorbikes,,26.4M,United States,97.1K,124.4K
postmalone,twelve carat toothache,Music,,22.3M,United States,407.3K,623.1K
prattprattpratt,Chris Pratt,Cinema & Actors/actresses,,35.5M,United States,193K,250.9K
premierleague,Premier League,Sports with a ball,,55.4M,United Kingdom,49.5K,69.5K
prideofgypsies,Jason Momoa,Cinema & Actors/actresses,,16.8M,United States,141K,181.3K
prillylatuconsina96,Prilly Latuconsina,Cinema & Actors/actresses,Music,46.6M,Indonesia,56.4K,81.6K
priyankachopra,Priyanka,Cinema & Actors/actresses,,75.7M,India,643K,778.2K
psg,Paris Saint-Germain,Sports with a ball,,58M,Brazil,295.8K,495K
pubity,Pubity,Humor & Fun & Happiness,,31.6M,United States,214.5K,313.3K
pugachevmark,Mark Pugachev,Cars & Motorbikes,Luxury,10M,Russia,358.1K,525.9K
quackity,quackity,,,3.2M,United States,666.4K,819.1K
quavohuncho,QuavoHuncho,Music,,20.8M,United States,103K,170.1K
raashiikhanna,Raashii Khanna,Cinema & Actors/actresses,Music,8.1M,India,256.6K,305.9K
rachel_mypark,á„‡á…¡á†¨á„†á…µá†«á„‹á…§á†¼ Minyoung Park,Cinema & Actors/actresses,,9.7M,Indonesia,784.6K,977.1K
rachelvennya,Rachel Vennya Roland,Kids & Toys,Family,6.7M,Indonesia,176.4K,372.5K
rafaelnadal,Rafa Nadal,Sports with a ball,,14M,Spain,228.7K,286.3K
rafaeluccman,Rafael Uccman,Lifestyle,Modeling,8.6M,Brazil,227.1K,472.9K
rafakalimann,RAFA KALIMANN,Modeling,,22.8M,Brazil,90.9K,163.3K
raffinagita1717,Raffi Ahmad and Nagita Slavina,Shows,,60.6M,Indonesia,37.4K,52.5K
rahulkl,KL RahulğŸ‘‘,Sports with a ball,,11.9M,India,676.9K,788.5K
raisa6690,,Music,,30.4M,Indonesia,60.6K,94K
rakulpreet,Rakul Singh,Cinema & Actors/actresses,Modeling,19.2M,India,334.1K,392.5K
ranveersingh,Ranveer Singh,Cinema & Actors/actresses,Modeling,38.9M,India,314.7K,408.4K
raphaelvarane,Raphael Varane,Sports with a ball,,18.4M,Spain,200.8K,301.4K
rashmika_mandanna,Rashmika Mandanna,Beauty,Art/Artists,30M,India,1.7M,2M
ratantata,Ratan Tata,Business & Careers,,5.9M,India,952.2K,1.1M
rauwalejandro,RAâ€™ RAUW,Music,,13.7M,Spain,382.4K,553K
realbarbarapalvin,Barbara Palvin,Modeling,Fashion,17.5M,Russia,480.2K,649K
realhinakhan,HK,Cinema & Actors/actresses,,16.7M,India,189.5K,233.6K
realmadrid,Real Madrid C.F.,Sports with a ball,,113M,Spain,407.2K,563.1K
realshadmehr,Shadmehr Aghili,Music,,7.6M,Iran,330.2K,460.8K
realstraykids,Stray Kids,Music,,20.1M,Indonesia,1.7M,2M
redvelvet.smtown,Red Velvet Official,Music,Beauty,11.4M,Indonesia,327.9K,398.9K
reesewitherspoon,Reese Witherspoon,Cinema & Actors/actresses,,27.6M,United States,152.5K,183.7K
regejean,RegeÌ-Jean Page,,,5.5M,Brazil,473.6K,750.3K
renebaebae,IRENE,Lifestyle,Modeling,9.9M,Indonesia,1.4M,1.7M
residente,ReneÌ PeÌrez Joglar,Music,,8.7M,Colombia,480.4K,743.9K
reynmen,reyn,Music,Cinema & Actors/actresses,7M,Turkey,418K,531.5K
rezagolzar,Mohammad Reza Golzar,Cinema & Actors/actresses,,11.7M,Iran,178.5K,263.1K
riaricis1795,RICIS,Lifestyle,,30.3M,Indonesia,868.2K,1.1M
ricky_martin,Ricky Martin,Music,,16.7M,Argentina,141.2K,190.4K
rishabpant,Rishabh Pant,Sports with a ball,,6.1M,India,496.5K,589.6K
riteishd,Riteish Deshmukh,Art/Artists,Cinema & Actors/actresses,13.8M,India,282.2K,328.9K
riyadmahrez26.7,RM26,Sports with a ball,,8.5M,Algeria,333.9K,429.9K
riyaz.14,Riyaz Aly,Lifestyle,Art/Artists,26.1M,India,399.8K,519.5K
rizkybillar,Muhammad Rizky Billar,Shows,Beauty,12.6M,Indonesia,322.1K,414.8K
rizkyfbian,Salah,,,12.3M,Indonesia,133.1K,203.6K
rkive,RM,,,31.3M,N/A,8.6M,8.6M
robertdowneyjr,Robert Downey Jr. Official,Cinema & Actors/actresses,,51.9M,India,1.6M,2.1M
roberto_firmino,ROBERTO FIRMINO,Sports with a ball,,13.2M,Brazil,144.6K,214.9K
rockstargames,Rockstar Games,Computers & Gadgets,,22.3M,United States,108.5K,135.2K
rogerfederer,Roger Federer,Sports with a ball,,9.2M,Spain,484.7K,627.9K
rohitsharma45,Rohit Sharma,Sports with a ball,Lifestyle,23.3M,India,1.1M,1.2M
rohittt_09_,ğ‘ğ¨ğ¡ğ¢ğ­ ğ™ğ¢ğ§ğ£ğ®ğ«ğ¤ğ ~ ğ«ğğšğœğ­ğ¢ğ¨ğ§ğ›ğ¨ğ¢ ğŸ’«,Shows,Lifestyle,21.2M,India,788.7K,1.1M
romanreigns,Joe Anoai aka â€œRoman Reignsâ€,,,6M,India,383.1K,497.4K
romeosantos,Romeo Santos,Music,,19M,United States,225K,277.9K
ronaldinho,Ronaldo de Assis Moreira,Sports with a ball,,65.1M,Brazil,183.8K,317K
rosalia.vt,LA ROSALIÌA,Music,,19.5M,Spain,737K,967.1K
roses_are_rosie,ROSEÌ,Music,,57.5M,Indonesia,4.8M,5.5M
ross_lynch,Ross Shor Lynch,Music,Cinema & Actors/actresses,10M,United States,348.3K,695.5K
ruben_onsu,Ruben Onsu,Cinema & Actors/actresses,Shows,37.9M,Indonesia,64.2K,79.5K
rubyrose,Ruby Rose,Modeling,,18.8M,United States,171.3K,225.7K
rupertgrint,Rupert Grint,,,4.7M,Brazil,579K,821.5K
sabrinacarpenter,Sabrina Carpenter,Music,,27.1M,Brazil,1.1M,1.3M
sachintendulkar,Sachin Tendulkar,Sports with a ball,Lifestyle,33.5M,India,333.4K,399.9K
sadiesink_,Sadie Sink,Modeling,Lifestyle,15.3M,Brazil,1.2M,1.7M
sadiomaneofficiel,Sadio Mane,Sports with a ball,,10.4M,United Kingdom,350.7K,500.3K
saharghoreyshiofficialpage,Ø³Ø­Ø± Ù‚Ø±ÙŠØ´Ù‰ Sahar Ghoreyshi,Lifestyle,,10.7M,Iran,193.8K,283.9K
saipallavi.senthamarai,Sai Pallavi,,,5.3M,India,819.5K,939.3K
salmahayek,Salma Hayek Pinault,Cinema & Actors/actresses,,20.9M,United States,212.1K,262.5K
samantharuthprabhuoffl,Samantha,Beauty,Modeling,22.9M,India,584.9K,701.5K
samoylovaoxana,Samoylova Oxana,Family,Lifestyle,15.2M,Russia,897.6K,1.2M
samsmith,Sam Smith,Music,Fashion,14.6M,United States,223.9K,328.4K
sanchooo10,Jadon Sancho,Sports with a ball,,8.3M,United Kingdom,411.4K,719.6K
sandrinna_11,Drinna,Lifestyle,,10.4M,Indonesia,252.2K,321.6K
saraalikhan95,Sara Ali Khan,Cinema & Actors/actresses,,39.7M,India,247.9K,302K
sarahhyland,Sarah Hyland,Cinema & Actors/actresses,Lifestyle,9.1M,United States,223K,278.9K
sarwendah29,Sarwendah29,Music,Lifestyle,30.8M,Indonesia,75.4K,89.2K
sav.labrant,Savannah Rose LaBrant,Family,Lifestyle,7M,United States,597.1K,798.4K
saweetie,icy bae ğŸŒ¸âœ¨ğŸŒ±â„ï¸,Cinema & Actors/actresses,,13.1M,United States,144.7K,336.2K
sebastianyatra,Sebastian Yatra,Music,Art/Artists,29.3M,Argentina,219.3K,305.6K
selenagomez,Selena Gomez,Music,Lifestyle,308.2M,United States,3.3M,4.4M
sergioramos,Sergio Ramos,Sports with a ball,,49.7M,Spain,606.9K,930.3K
serna_amini,Serna Amini,,,7.6M,Iran,1.3M,1.8M
shahidkapoor,Shahid Kapoor,Cinema & Actors/actresses,,33.5M,India,506.7K,574.1K
shakira,Shakira,Music,,71.9M,India,691.1K,947.2K
shawnmendes,Shawn Mendes,Music,,67.4M,Brazil,809.3K,1.2M
shaymitchell,Shay Mitchell,Beauty,Family,32.6M,United States,304.8K,426.3K
shehnaazgill,Shehnaaz Gill,Cinema & Actors/actresses,Music,11.3M,India,396.8K,496.3K
shikhardofficial,Shikhar Dhawan,Sports with a ball,,10.8M,India,261K,298.4K
shraddhakapoor,Shraddha âœ¶,Cinema & Actors/actresses,,70.5M,India,1.1M,1.3M
shreyaghoshal,shreyaghoshal,Music,,23.7M,India,127.7K,142.5K
shreyas41,Shreyas Iyer,Sports with a ball,Lifestyle,5.9M,India,461.7K,575.7K
shxxbi131,B.I,,,3.7M,Indonesia,585.1K,687.3K
sidhu_moosewala,Sidhu Moosewala (à¨®à©‚à¨¸à©‡ à¨†à¨²à¨¾),,,6.9M,India,366.6K,445.1K
sidmalhotra,Sidharth Malhotra,Cinema & Actors/actresses,Modeling,18.7M,India,602.4K,750K
simaria,Simaria Mendes,Music,,27.6M,Brazil,223.5K,326.2K
simoneses,Simone Mendes,Music,,33.7M,Brazil,327.8K,412.2K
sinavaliollah,Sina Valiollah,Shows,,6.8M,Iran,376.4K,474.7K
sincerooficial,Sincero Oficial,Humor & Fun & Happiness,,21.1M,Brazil,109.5K,212.6K
sivakarthikeyan,Sivakarthikeyan Doss,,,4.5M,India,470.6K,554.6K
skawngur,á„‚á…¡á†·á„Œá…®á„’á…§á†¨,Cinema & Actors/actresses,,17.8M,Indonesia,1.8M,2.5M
skuukzky,á„‰á…®á†½á„‹á…µ  ğŸ’„ğŸ’…ğŸ‘¡ğŸ‘ ğŸ€ğŸ‘™ğŸŒ‚ğŸ‘—ğŸŒ‚ğŸ€ğŸ’‹ğŸ’Œ,Clothing & Outfits,Music,17.5M,Indonesia,871.4K,1.1M
smriti_mandhana,Smriti Mandhana,Sports with a ball,,5.9M,India,550.9K,637.7K
snoopdogg,snoopdogg,Lifestyle,Music,71.8M,United States,60.9K,85.5K
sofiaalcastro,â™¡sofia castro,Shows,Cinema & Actors/actresses,8.5M,Colombia,427.4K,582.7K
sofiavergara,Sofia Vergara,Cinema & Actors/actresses,,24.8M,United States,109K,143K
sommerray,Sommer Ray,Modeling,,26.7M,United States,242.3K,381.3K
somsomi0309,ENNIK,Music,,13.9M,Indonesia,894.6K,1.1M
sonamkapoor,Sonam Kapoor Ahuja,Fashion,Modeling,31.9M,India,145.8K,173.5K
songkang_b,á„‰á…©á†¼á„€á…¡á†¼,,,13.6M,Mexico,2M,2.8M
sonu_sood,Sonu Sood,Cinema & Actors/actresses,,14.1M,India,321.3K,367.6K
soohyun_k216,á„€á…µá†·á„‰á…®á„’á…§á†« Kim Soo Hyun é‡‘ç§€è³¢,,,13.3M,Indonesia,1.3M,1.6M
sooyaaa__,JISOOğŸ¤,Music,Beauty,58.6M,Indonesia,4.7M,5.4M
sooyoungchoi,Sooyoung Choi,Beauty,Lifestyle,6.9M,Indonesia,348.9K,420.7K
sophiedee,Sophie Dee,Adult content,,11.6M,United States,186.3K,248K
sophiet,S O P H I E T U R N E R,Cinema & Actors/actresses,,14.9M,United States,515.9K,693.7K
soueunavida,Sou Eu Na Vida,Humor & Fun & Happiness,,17.5M,Brazil,204.6K,389.5K
sound_of_coups,COUPS,,,3.3M,Indonesia,751.6K,964.1K
soydannyalfaro,Danny Alfaro,Beauty,,8M,Mexico,329.4K,377.4K
soyneiva,Neiva Mara,Adult content,,11.4M,Brazil,212.9K,285.9K
spacex,SpaceX,Science,Machinery & Technologies,13.3M,United States,201K,244.9K
sportscenter,SportsCenter,Sports with a ball,Shows,30M,United States,125.8K,224.2K
ssinz7,ë°•ì‹ í˜œ/Shin Hye Park,Music,Cinema & Actors/actresses,13.5M,Indonesia,1.3M,1.6M
staceysolomon,Stacey Solomon,Family,,5.1M,United Kingdom,409.7K,493.6K
starwars,Star Wars,Cinema & Actors/actresses,,14.9M,United States,182K,231.4K
staskaranikolaou,Anastasia Karanikolaou,Lifestyle,,10.8M,United States,179.4K,264.1K
stephencurry30,Wardell Curry,Sports with a ball,Family,41.1M,United States,565.7K,757.6K
sthefanematos,STHE âš“ï¸,Lifestyle,,9.7M,Brazil,256.8K,590.2K
strangerthingstv,Stranger Things Netflix,Cinema & Actors/actresses,Shows,15.6M,Brazil,433.2K,579.5K
subo_m,Subhan Mamedov,Shows,,9M,Russia,294.2K,360.4K
suga_bighitentertainment,SUGA (á„†á…µá†«á„‹á…²á†«á„€á…µ) Updates,Lifestyle,,7.9M,Indonesia,1.2M,1.4M
sunnyleone,Sunny Leone,Beauty,Cinema & Actors/actresses,51.5M,India,312.8K,421.7K
superstar_dewasi99,SUPERSTARDEWASI 99,,,8.7M,India,294.7K,466.5K
sureshraina3,Suresh Raina,Modeling,,19.1M,India,328.7K,371.3K
sydney_sweeney,Sydney Sweeney,Lifestyle,Cinema & Actors/actresses,11.8M,United States,1.8M,3.4M
syifahadjureal,Syifa Hadju,Modeling,,14.9M,Indonesia,295.7K,365K
sza,SZA,Music,,11.6M,United States,748.6K,1.3M
t22felton,Tom Felton,Music,Cinema & Actors/actresses,11.9M,United States,223.4K,289.4K
taehyung.bighitentertainment,TAEHYUNG (ê¹€íƒœí˜•) Updates,Management & Marketing,Music,10.3M,Indonesia,2M,2.1M
taeoxo_nct,TAEYONG íƒœìš©,,,8.8M,Indonesia,1.3M,1.8M
taeyeon_ss,TaeYeon,Music,,18.3M,South Korea,762K,925.8K
taina,TainaÌ Costa,Music,,15.6M,Brazil,478.3K,998.9K
tamannaahspeaks,Tamannaah Bhatia,Music,Cinema & Actors/actresses,15.9M,India,344.4K,401.9K
tamerhosny,Tamer Hosny,Music,Cinema & Actors/actresses,22M,Egypt,110.5K,134.1K
tatawerneck,Tata Werneck,Cinema & Actors/actresses,Family,52.1M,Brazil,80.8K,123.5K
taylor_hill,Taylor Hill,Art/Artists,Fashion,18.9M,United States,115.5K,172.9K
taylorswift,Taylor Swift,Music,,204.7M,Brazil,2.3M,3.1M
tchalamet,TimotheÌe Chalamet,Cinema & Actors/actresses,,17.5M,United States,2.3M,3.8M
teddysphotos,Ed Sheeran,Music,,37.7M,United States,161K,219.8K
tejasswiprakash,Tejasswi Prakash,Beauty,,5.5M,India,424.7K,513.4K
tenlee_1001,TEN_+â€¢10,Music,,9.4M,Indonesia,1.1M,1.4M
teyanataylor,Jimmy Neutch- Shumpert,Music,,14.6M,United States,153.9K,261.2K
thariqhalilintar,thoriq halilintar,Shows,,6.5M,Indonesia,476.9K,590.2K
thebursin,Kerem BuÌˆrsin,Cinema & Actors/actresses,,10.3M,Russia,891.2K,1.2M
thedeverakonda,Vijay Deverakonda,Cinema & Actors/actresses,,14.8M,India,984.9K,1.2M
theellenshow,Ellen DeGeneres,Shows,Cinema & Actors/actresses,116.8M,United States,29.2K,33.3K
theestallion,Megan Thee Stallion,Music,,28.2M,United States,504K,879.9K
thefatjewish,thefatjewish,Humor & Fun & Happiness,,10.1M,United States,186.9K,244.4K
thegirljt,JTğŸ¦‹,Music,,5.1M,United States,234.4K,641.8K
thehughjackman,,Cinema & Actors/actresses,,30.3M,United States,107.1K,122.4K
thenameisyash,Yash,Cinema & Actors/actresses,,5.9M,India,813.1K,964.9K
thenewclassic,Iggy Azalea,Music,,15.8M,United States,233.6K,378.2K
thenotoriousmma,Conor McGregor Official,Fitness & Gym,,45M,United States,435.4K,631.5K
therealcalebmclaughlin,Caleb McLaughlin,Cinema & Actors/actresses,Lifestyle,11.1M,Brazil,278.7K,398.6K
therealjosephmorgan,Joseph Morgan,Cinema & Actors/actresses,Lifestyle,7.8M,Brazil,411.3K,514.1K
therock,therock,Cinema & Actors/actresses,Fitness & Gym,307M,India,303.4K,396K
theshilpashetty,Shilpa Shetty Kundra,Cinema & Actors/actresses,,24.8M,India,107.1K,124K
theweeknd,The Weeknd,Music,,37.5M,United States,725.8K,983.9K
thiagosilva,Thiago Silva,Sports with a ball,,18.9M,Brazil,122.8K,207.2K
thv,V,,,38.1M,N/A,12.2M,12.2M
tiagopzk,GOTTI A,Music,,4.3M,Argentina,333.4K,761.6K
tiffanyyoungofficial,tiffany young,Modeling,Fashion,11.6M,Indonesia,240.5K,301.2K
tigerjackieshroff,Tiger Shroff,Cinema & Actors/actresses,,33.8M,India,331.6K,405K
timatiofficial,13,Music,Fitness & Gym,18M,Russia,151.2K,202.4K
tinistoessel,tini,Music,,17.4M,Argentina,631.4K,844.7K
todayis_wendy,Wendy,,,6.3M,Indonesia,1.1M,1.3M
tombrady,Tom Brady,Sports with a ball,,11.8M,United States,458.6K,847.9K
tomcruise,Tom Cruise,Cinema & Actors/actresses,,6.2M,India,465K,645.7K
tommyinnit,TommyInnit,Lifestyle,,3.6M,France,724.8K,817.4K
toni.kr8s,Toni Kroos,Sports with a ball,,31.9M,Germany,178.8K,244.1K
travisscott,flame,Music,,44.8M,United States,1.4M,2.1M
trentarnold66,Trent Alexander-Arnold,Lifestyle,Sports with a ball,6.6M,United Kingdom,298.9K,438.3K
trippieredd,555,Music,,12.8M,United States,530.7K,1M
troyesivan,troye sivan,Art/Artists,Fashion,12.6M,United States,157.2K,225.6K
trueno,TR1 â›ˆ,Music,,6.7M,Argentina,479.2K,745.7K
twicetagram,TWICE,Music,Modeling,24.6M,Indonesia,1.3M,1.6M
txt_bighit,TOMORROW X TOGETHER OFFICIAL,,,11.7M,Indonesia,637.8K,804.9K
tyga,T-Raww,Music,,32.4M,United States,689.2K,1M
tylerrjoseph,tyler jÃ¸seph,Music,Art/Artists,5.5M,United States,628.2K,941.3K
uarmyhope,jhope,,,32.2M,South Korea,8M,8M
urassayas,Urassaya Sperbund,Cinema & Actors/actresses,Modeling,11.4M,Thailand,181.6K,220.8K
urstrulymahesh,Mahesh Babu,Cinema & Actors/actresses,,8.1M,India,527.5K,580.4K
ursulolita,UÌrsula CorberoÌ âœ¨,Cinema & Actors/actresses,Modeling,24.6M,Brazil,2M,2.9M
urvashirautela,URVASHI RAUTELA ğŸ‡®ğŸ‡³,Cinema & Actors/actresses,,46.4M,India,193.4K,229.9K
valentinazenere,Valentina Zenere,Modeling,Lifestyle,8.5M,Brazil,259K,315.4K
valeyellow46,Valentino Rossi,Racing Sports,,13.3M,Indonesia,310.5K,405.3K
vancityreynolds,Ryan Reynolds,Cinema & Actors/actresses,,42.4M,United States,325.2K,422.4K
vanessahudgens,ğŸ”®Vanessa HudgensğŸ”®,Cinema & Actors/actresses,,44.8M,United States,161.1K,262.3K
vanessalopesr_,Vanessa Lopes,Lifestyle,,10.6M,Brazil,171.9K,559.7K
vanessamorgan,Vanessa Morgan,Music,Cinema & Actors/actresses,9.4M,United States,422.3K,600.5K
varundvn,VarunDhawan,Cinema & Actors/actresses,,40.9M,India,403.4K,492.3K
veradijkmans,DUTCHğŸ‡³ğŸ‡±,Adult content,,5.1M,United States,390.3K,548.6K
vickykaushal09,Vicky Kaushal,Cinema & Actors/actresses,,13.2M,India,1.3M,1.5M
victoriajustice,Victoria Justice,Music,Cinema & Actors/actresses,21.8M,United States,226.2K,309.8K
viihtube,Viih Tube,Cinema & Actors/actresses,,22.9M,Brazil,148K,279.9K
vindiesel,Vin Diesel,Cinema & Actors/actresses,,79M,Brazil,440.5K,568.5K
vinijr,Vinicius Jr. âš¡ï¸ğŸ‡§ğŸ‡·,Sports with a ball,,15.8M,Brazil,909.4K,1.5M
vinniehacker,â€ ,Lifestyle,,5.6M,United States,687K,1.4M
violets.tv,Violet Summers,Adult content,,13.5M,Italy,221.3K,303.5K
virat.kohli,Virat Kohli,Sports with a ball,,188.1M,India,3.1M,3.4M
virgilvandijk,Virgil van Dijk,Sports with a ball,,11.5M,United Kingdom,235.4K,333.6K
virginia,Virginia Fonseca Costa,Shows,Lifestyle,35.8M,Brazil,1.4M,2.1M
vivi,Vivi Wanderley,Beauty,Lifestyle,13.1M,Brazil,200K,328.4K
vousmevoyez,KRYSTAL,Music,Cinema & Actors/actresses,10.1M,Indonesia,366.6K,475.8K
warriors,Golden State Warriors,Lifestyle,Sports with a ball,22.2M,United States,81.7K,112.8K
watanabenaomi703,æ¸¡è¾ºç›´ç¾ã€€Naomi watanabe,Cinema & Actors/actresses,Humor & Fun & Happiness,9.7M,Japan,339K,361K
waynerooney,Wayne Rooney,Sports with a ball,Lifestyle,15.5M,United Kingdom,139.8K,201.4K
wdohwan,ìš°ë„í™˜,Cinema & Actors/actresses,,4.4M,Indonesia,504.8K,669K
whinderssonnunes,Whindersson Nunes,Humor & Fun & Happiness,,57.9M,Brazil,988.3K,1.5M
wi__wi__wi,á„‹á…±á„’á…¡á„Œá…®á†« Wi Ha Jun,,,10.2M,South Korea,1.1M,1.4M
wilbursoot,Wilbur Soot,Music,,3.2M,United States,687.5K,883.1K
willevy,William  Levy / Actor Producer,Shows,Cinema & Actors/actresses,10.2M,Brazil,382.9K,514.4K
willsmith,Will Smith,Cinema & Actors/actresses,Music,62.4M,United States,1.9M,2.4M
willyrex,Willyrex,Shows,,8.6M,Spain,324.1K,385.1K
winmetawin,Win Metawin O.,Lifestyle,,11.7M,Philippines,1.3M,1.5M
wizkidayo,BIG WIZğŸ¦…,Music,,14.2M,Nigeria,243.3K,473.4K
wolfiecindy,Cindy Kimberly,Modeling,Lifestyle,6.9M,United States,226.5K,376.7K
wos.ds3,ValentiÌn Oliva,Music,,6.3M,Argentina,371.2K,567.4K
wwiinn_7,WINWIN,,,7M,Indonesia,1.3M,1.5M
xavi,Xavi HernaÌndez,Sports with a ball,,8.1M,Spain,419.4K,629.1K
xeesoxee,á„’á…¡á†«á„‰á…©á„’á…´,Lifestyle,,8.9M,Indonesia,1.3M,1.7M
xsqueezie,,Music,Lifestyle,7.6M,France,519.4K,607.3K
xuminghao_o,The8 ë””ì—ì‡,Music,,4.3M,Indonesia,615.9K,776.2K
xxxibgdrgn,á„€á…¯á†«á„Œá…µá„‹á…­á†¼(æ¬Šå¿—é¾),Photography,Fashion,20.6M,Indonesia,785.3K,999.1K
xxxtentacion,MAKE OUT HILL,Music,,20.2M,United States,11.8M,20.8M
yailinlamasviralreal,Yailin la Mas Viral â™‹ï¸ğŸ§¿,,,4.3M,N/A,0,859.6K
yangyang_x2,YangYang á„‹á…£á†¼á„‹á…£á†¼,,,6.1M,Indonesia,863.4K,1.1M
yaocabrera,Yao Cabrera,,,12.2M,Argentina,256K,556.1K
yasminabdelaziz_,Yasmin Abdelaziz,Cinema & Actors/actresses,,15.4M,Egypt,185.7K,219.9K
yasmine_sabri,Yasmine Sabri,Cinema & Actors/actresses,Lifestyle,18.4M,Egypt,158.4K,222.8K
yastunes,YAS,Music,,8M,Iran,644K,894K
yawnzzn,YEONJUN,,,7.4M,N/A,0,4.3M
yefersoncossio,Yef,Lifestyle,,8.8M,Colombia,257K,376.6K
yejinhand,ì†ì˜ˆì§„,Cinema & Actors/actresses,,6M,Indonesia,537.1K,699K
yellow_3to3,REN JUN,,,5.2M,Indonesia,1.6M,2M
yerimiese,Yeri,Lifestyle,,10.1M,Indonesia,620.3K,768.1K
yihyun_1208,á„Œá…©á„‹á…µá„’á…§á†« cho yihyun,,,5.4M,South Korea,1.3M,1.6M
ykaaar,Damiano David/MaÌŠneskin,,,5.1M,Italy,968.1K,1.3M
yoona__lim,,Cinema & Actors/actresses,,13.2M,Indonesia,571.6K,683.2K
yooncy1,ìœ¤ì°¬ì˜ Yoon chanyoung,,,4.9M,South Korea,1.1M,1.3M
youngdae0302,á„€á…µá†·á„‹á…§á†¼á„ƒá…¢,Music,,3.8M,Indonesia,561.4K,741.4K
yugyeom,KYUM,Music,Art/Artists,10.8M,Thailand,634.2K,821.7K
yungmiami305,Caresha ..ğŸ’—ğŸ’‹,Lifestyle,,5.3M,United States,184.6K,547.8K
yuu_taa_1026,YUTA æ‚ å¤ª,,,7.9M,Indonesia,1M,1.3M
yuyacst,ğ“¨ğ’–ğ’šğ’‚,Modeling,,17.1M,Mexico,389.8K,598.2K
yuzi_chahal23,Yuzvendra Chahal,Lifestyle,Sports with a ball,7.5M,India,311.5K,379.5K
zacefron,Zac Efron,Cinema & Actors/actresses,,52.1M,United States,598.7K,869.3K
zachking,Zach King,Shows,Humor & Fun & Happiness,24.5M,Indonesia,413.9K,637.7K
zayn,Zayn Malik,Music,,44.9M,India,3.7M,5.8M
zefelipecantor,ZeÌ,Music,,23.1M,Brazil,278.1K,487.8K
zelenskiy_official,Ğ’Ğ¾Ğ»Ğ¾Ğ´Ğ¸Ğ¼Ğ¸Ñ€ Ğ—ĞµĞ»ĞµĞ½ÑÑŒĞºĞ¸Ğ¹,Cinema & Actors/actresses,Business & Careers,16.4M,Ukraine,174K,208.1K
zendaya,Zendaya,Cinema & Actors/actresses,Fashion,136.1M,United States,6.4M,8.6M
zidane,zidane,Sports with a ball,,31.2M,Spain,546K,744.1K
zkdlin,KAI,Music,,13.9M,Indonesia,1.3M,1.6M
zoeisabellakravitz,ZoeÌˆ Kravitz,Cinema & Actors/actresses,,8.2M,United States,583K,885.5K
zoesugg,ZoeÌˆ Sugg,Lifestyle,Business & Careers,9.4M,United Kingdom,208.7K,289.3K
